"Date","Pool","Currency","Wallet","DailyEarnings","StartTime","StartValue","EndTime","EndValue","Balance","Pending","Unpaid","Payout"
"2023-09-04","HashCryptos","BTC","1GPSq8txFnyrYdXL8t6S94mYdF8cGqVQJF","0","14:36:48","1.86E-06","15:28:19","1.86E-06","1.67E-06","1.9E-07","1.86E-06","0"
"2023-09-04","HiveON","ETC","7cf99ec9029a98afd385f106a93977d8105fec0f","0","14:36:48","0.015402569","15:28:19","0.015402569","0.015402569","0","0.015402569","0"
"2023-09-04","MiningDutch","AEON","UselessGuru","0","14:36:48","0.00170007","15:28:19","0.00170007","0.00170007","0","0.00170007","0"
"2023-09-04","MiningDutch","BELL","UselessGuru","0","14:36:48","0.43648422","15:28:19","0.43648422","0.43648422","0","0.43648422","0"
"2023-09-04","MiningDutch","BTC","UselessGuru","0","14:36:48","4.699E-05","15:28:19","4.699E-05","4.699E-05","0","4.699E-05","0"
"2023-09-04","MiningDutch","CCC","UselessGuru","0","14:36:48","4.313485","15:28:19","4.313485","4.313485","0","4.313485","0"
"2023-09-04","MiningDutch","CLORE","UselessGuru","0","14:36:48","0.01281439","15:28:19","0.01281439","0.01281439","0","0.01281439","0"
"2023-09-04","MiningDutch","DMS","UselessGuru","0","14:36:48","0.09630923","15:28:19","0.09630923","0.09630923","0","0.09630923","0"
"2023-09-04","MiningDutch","FTC","UselessGuru","0","14:36:48","0.84452926","15:28:19","0.84452926","0.84452926","0","0.84452926","0"
"2023-09-04","MiningDutch","GUN","UselessGuru","0","14:36:48","10.8156864","15:28:19","10.8156864","10.8156864","0","10.8156864","0"
"2023-09-04","MiningDutch","IQ","UselessGuru","0","14:36:48","2.58782551","15:28:19","2.58782551","2.58782551","0","2.58782551","0"
"2023-09-04","MiningDutch","NEOX","UselessGuru","0","14:36:48","0.57254822","15:28:19","0.57254822","0.57254822","0","0.57254822","0"
"2023-09-04","MiningDutch","NYX","UselessGuru","0","14:36:48","0.09979641","15:28:19","0.09979641","0.09979641","0","0.09979641","0"
"2023-09-04","MiningDutch","PAPRY","UselessGuru","0","14:36:48","0.22477687","15:28:19","0.22477687","0.22477687","0","0.22477687","0"
"2023-09-04","MiningDutch","UFO","UselessGuru","0","14:36:48","0.20887727","15:28:19","0.20887727","0.20887727","0","0.20887727","0"
"2023-09-04","MiningDutch","VHH","UselessGuru","0","14:36:48","6317.71316063","15:28:19","6317.71316063","6317.71316063","0","6317.71316063","0"
"2023-09-04","MiningDutch","VTC","UselessGuru","0","14:36:48","0.08558942","15:28:19","0.08558942","0.08558942","0","0.08558942","0"
"2023-09-04","MiningDutch","YEC","UselessGuru","0","14:36:48","0.10712654","15:28:19","0.10712654","0.10712654","0","0.10712654","0"
"2023-09-04","MiningDutch","YTN","UselessGuru","0","14:36:48","0.47039829","15:28:19","0.47039829","0.47039829","0","0.47039829","0"
"2023-09-04","MiningDutch","ZCL","UselessGuru","0","14:36:48","0.02185477","15:28:19","0.02185477","0.02185477","0","0.02185477","0"
"2023-09-04","MiningPoolHub","BTG","UselessGuru","0","14:36:48","0.03556108","15:28:19","0.03556108","0.03556108","0","0.03556108","0"
"2023-09-04","MiningPoolHub","DASH","UselessGuru","0","14:36:48","1.13E-06","15:28:19","1.13E-06","1.13E-06","0","1.13E-06","0"
"2023-09-04","MiningPoolHub","DGB","UselessGuru","0","14:36:48","0.00231606","15:28:19","0.00231606","0.00231606","0","0.00231606","0"
"2023-09-04","MiningPoolHub","ESN","UselessGuru","0","14:36:48","5.43515484","15:28:19","5.43515484","5.43515484","0","5.43515484","0"
"2023-09-04","MiningPoolHub","ETC","UselessGuru","0","14:36:48","0.00148145","15:28:19","0.00148145","0.00148145","0","0.00148145","0"
"2023-09-04","MiningPoolHub","ETH","UselessGuru","0","14:36:48","0.06968613","15:28:19","0.06968613","0.06968613","0","0.06968613","0"
"2023-09-04","MiningPoolHub","EXP","UselessGuru","0.08808889000000164","14:36:48","30.49413868","15:28:19","30.58222757","30.49413868","0","30.58222757","0"
"2023-09-04","MiningPoolHub","FTC","UselessGuru","0","14:36:48","54.30965879","15:28:19","54.30965879","54.30965879","0","54.30965879","0"
"2023-09-04","MiningPoolHub","GRS","UselessGuru","0","14:36:48","2.532E-05","15:28:19","2.532E-05","2.532E-05","0","2.532E-05","0"
"2023-09-04","MiningPoolHub","RVN","UselessGuru","0","14:36:48","5.0931661","15:28:19","5.0931661","5.0931661","0","5.0931661","0"
"2023-09-04","MiningPoolHub","VTC","UselessGuru","0","14:36:48","1.02165905","15:28:19","1.02165905","1.02165905","0","1.02165905","0"
"2023-09-04","MiningPoolHub","XMY","UselessGuru","0","14:36:48","14.918930549999999","15:28:19","14.918930549999999","14.88610265","0.0328279","14.918930549999999","0"
"2023-09-04","NiceHash External","BTC","1GPSq8txFnyrYdXL8t6S94mYdF8cGqVQJF","0","14:36:48","0.00057724","15:28:19","0.00057724","0.00057684","4E-07","0.00057724","0"
"2023-09-04","NiceHash Internal","BTC","33hZYX8iFg5zm9E3geqrNgeP6TMzszZk5R","0","14:36:48","0.00730754","15:28:19","0.00730754","0.00730754","0","0.00730754","0"
"2023-09-04","ProHashing","ETH","UselessGuru","0","14:36:48","1.1152209623217067E-05","15:28:19","1.1152209623217067E-05","1.1152209623217067E-05","0","1.1152209623217067E-05","0"
"2023-09-04","ProHashing","RTM","UselessGuru","0","14:36:48","0.0048188439854162","15:28:19","0.0048188439854162","0.0048188439854162","0","0.0048188439854162","0"
"2023-09-04","ProHashing","XMR","UselessGuru","0","14:36:48","2.563445299E-07","15:28:19","2.563445299E-07","2.563445299E-07","0","2.563445299E-07","0"
"2023-09-04","ZergPool","BTC","1GPSq8txFnyrYdXL8t6S94mYdF8cGqVQJF","0","14:36:48","0.00062133","15:28:19","0.00062133","0.00062122","1.1072856388002E-07","0.00062133","0"
"2023-09-04","Zpool","BTC","1GPSq8txFnyrYdXL8t6S94mYdF8cGqVQJF","0","14:36:48","2.791E-05","15:28:19","2.791E-05","2.791E-05","2.3142121038075E-09","2.791E-05","0"
"2023-09-05","HashCryptos","BTC","1GPSq8txFnyrYdXL8t6S94mYdF8cGqVQJF","1.0000000000000116E-08","20:30:55","1.86E-06","23:54:37","1.8800000000000002E-06","1.67E-06","2E-07","1.87E-06","0"
"2023-09-05","HiveON","ETC","7cf99ec9029a98afd385f106a93977d8105fec0f","0","20:30:55","0.015402569","23:54:37","0.015402569","0.015402569","0","0.015402569","0"
"2023-09-05","MiningDutch","AEON","UselessGuru","0","20:30:55","0.00170007","23:54:37","0.00170007","0.00170007","0","0.00170007","0"
"2023-09-05","MiningDutch","BELL","UselessGuru","0","20:30:55","0.43648422","23:54:37","0.43648422","0.43648422","0","0.43648422","0"
"2023-09-05","MiningDutch","BTC","UselessGuru","0","20:30:55","4.699E-05","23:54:37","4.699E-05","4.699E-05","0","4.699E-05","0"
"2023-09-05","MiningDutch","CCC","UselessGuru","0","20:30:55","4.313485","23:54:37","4.313485","4.313485","0","4.313485","0"
"2023-09-05","MiningDutch","CLORE","UselessGuru","0","20:30:55","0.01281439","23:54:37","0.01281439","0.01281439","0","0.01281439","0"
"2023-09-05","MiningDutch","DMS","UselessGuru","0","20:30:55","0.09630923","23:54:37","0.09630923","0.09630923","0","0.09630923","0"
"2023-09-05","MiningDutch","FTC","UselessGuru","0","20:30:55","0.84452926","23:54:37","0.84452926","0.84452926","0","0.84452926","0"
"2023-09-05","MiningDutch","GUN","UselessGuru","0","20:30:55","10.8156864","23:54:37","10.8156864","10.8156864","0","10.8156864","0"
"2023-09-05","MiningDutch","IQ","UselessGuru","0","20:30:55","2.58782551","23:54:37","2.58782551","2.58782551","0","2.58782551","0"
"2023-09-05","MiningDutch","NEOX","UselessGuru","0","20:30:55","0.57254822","23:54:37","0.57254822","0.57254822","0","0.57254822","0"
"2023-09-05","MiningDutch","NYX","UselessGuru","0","20:30:55","0.09979641","23:54:37","0.09979641","0.09979641","0","0.09979641","0"
"2023-09-05","MiningDutch","PAPRY","UselessGuru","0","20:30:55","0.22477687","23:54:37","0.22477687","0.22477687","0","0.22477687","0"
"2023-09-05","MiningDutch","UFO","UselessGuru","0","20:30:55","0.20887727","23:54:37","0.20887727","0.20887727","0","0.20887727","0"
"2023-09-05","MiningDutch","VHH","UselessGuru","0","20:30:55","6317.71316063","23:54:37","6317.71316063","6317.71316063","0","6317.71316063","0"
"2023-09-05","MiningDutch","VTC","UselessGuru","0","20:30:55","0.08558942","23:54:37","0.08558942","0.08558942","0","0.08558942","0"
"2023-09-05","MiningDutch","YEC","UselessGuru","0","20:30:55","0.10712654","23:54:37","0.10712654","0.10712654","0","0.10712654","0"
"2023-09-05","MiningDutch","YTN","UselessGuru","0","20:30:55","0.47039829","23:54:37","0.47039829","0.47039829","0","0.47039829","0"
"2023-09-05","MiningDutch","ZCL","UselessGuru","0","20:30:55","0.02185477","23:54:37","0.02185477","0.02185477","0","0.02185477","0"
"2023-09-05","MiningPoolHub","BTG","UselessGuru","0","20:30:55","0.03556108","20:40:59","0.03556108","0.03556108","0","0.03556108","0"
"2023-09-05","MiningPoolHub","DASH","UselessGuru","0","20:30:55","1.13E-06","20:40:59","1.13E-06","1.13E-06","0","1.13E-06","0"
"2023-09-05","MiningPoolHub","DGB","UselessGuru","0","20:30:55","0.00231606","20:40:59","0.00231606","0.00231606","0","0.00231606","0"
"2023-09-05","MiningPoolHub","ESN","UselessGuru","0","20:30:55","5.43515484","20:40:59","5.43515484","5.43515484","0","5.43515484","0"
"2023-09-05","MiningPoolHub","ETC","UselessGuru","0","20:30:55","0.00148145","20:40:59","0.00148145","0.00148145","0","0.00148145","0"
"2023-09-05","MiningPoolHub","ETH","UselessGuru","0","20:30:55","0.06968613","20:40:59","0.06968613","0.06968613","0","0.06968613","0"
"2023-09-05","MiningPoolHub","EXP","UselessGuru","0","20:30:55","30.58222757","20:40:59","30.58222757","30.58222757","0","30.58222757","0"
"2023-09-05","MiningPoolHub","FTC","UselessGuru","0","20:30:55","54.30965879","20:40:59","54.30965879","54.30965879","0","54.30965879","0"
"2023-09-05","MiningPoolHub","GRS","UselessGuru","0","20:30:55","2.532E-05","20:40:59","2.532E-05","2.532E-05","0","2.532E-05","0"
"2023-09-05","MiningPoolHub","RVN","UselessGuru","0","20:30:55","5.0931661","20:40:59","5.0931661","5.0931661","0","5.0931661","0"
"2023-09-05","MiningPoolHub","VTC","UselessGuru","0","20:30:55","1.02165905","20:40:59","1.02165905","1.02165905","0","1.02165905","0"
"2023-09-05","MiningPoolHub","XMY","UselessGuru","0","20:30:55","14.918930549999999","20:40:59","14.91893055","14.91893055","0","14.91893055","0"
"2023-09-05","NiceHash External","BTC","1GPSq8txFnyrYdXL8t6S94mYdF8cGqVQJF","0","20:30:55","0.00057724","23:54:37","0.00057724","0.00057684","4E-07","0.00057724","0"
"2023-09-05","NiceHash Internal","BTC","33hZYX8iFg5zm9E3geqrNgeP6TMzszZk5R","0","20:30:55","0.00730754","23:54:37","0.00730754","0.00730754","0","0.00730754","0"
"2023-09-05","ProHashing","ETH","UselessGuru","0","20:30:55","1.1152209623217067E-05","23:54:37","1.1152209623217067E-05","1.1152209623217067E-05","0","1.1152209623217067E-05","0"
"2023-09-05","ProHashing","RTM","UselessGuru","0","20:30:55","0.0048188439854162","23:54:37","0.0048188439854162","0.0048188439854162","0","0.0048188439854162","0"
"2023-09-05","ProHashing","XMR","UselessGuru","0","20:30:55","2.563445299E-07","23:54:37","2.563445299E-07","2.563445299E-07","0","2.563445299E-07","0"
"2023-09-05","ZergPool","BTC","1GPSq8txFnyrYdXL8t6S94mYdF8cGqVQJF","0","20:30:55","0.00062133","23:54:37","0.00062149","0.00062148","6.5850118317225E-09","0.00062149","0"
"2023-09-05","Zpool","BTC","1GPSq8txFnyrYdXL8t6S94mYdF8cGqVQJF","0","20:30:55","2.791E-05","23:54:37","2.793E-05","2.793E-05","2.300403915032E-08","2.793E-05","0"
"2023-09-06","HashCryptos","BTC","1GPSq8txFnyrYdXL8t6S94mYdF8cGqVQJF","0","00:04:41","1.8800000000000002E-06","02:25:19","1.8900000000000003E-06","1.67E-06","2E-07","1.86E-06","0"
"2023-09-06","HiveON","ETC","7cf99ec9029a98afd385f106a93977d8105fec0f","0","00:04:41","0.015402569","02:25:19","0.015402569","0.015402569","0","0.015402569","0"
"2023-09-06","MiningDutch","AEON","UselessGuru","0","00:04:41","0.00170007","02:25:19","0.00170007","0.00170007","0","0.00170007","0"
"2023-09-06","MiningDutch","BELL","UselessGuru","0","00:04:41","0.43648422","02:25:19","0.43648422","0.43648422","0","0.43648422","0"
"2023-09-06","MiningDutch","BTC","UselessGuru","0","00:04:41","4.699E-05","02:25:19","4.699E-05","4.699E-05","0","4.699E-05","0"
"2023-09-06","MiningDutch","CCC","UselessGuru","0","00:04:41","4.313485","02:25:19","4.313485","4.313485","0","4.313485","0"
"2023-09-06","MiningDutch","CLORE","UselessGuru","0","00:04:41","0.01281439","02:25:19","0.01281439","0.01281439","0","0.01281439","0"
"2023-09-06","MiningDutch","DMS","UselessGuru","0","00:04:41","0.09630923","02:25:19","0.09630923","0.09630923","0","0.09630923","0"
"2023-09-06","MiningDutch","FTC","UselessGuru","0","00:04:41","0.84452926","02:25:19","0.84452926","0.84452926","0","0.84452926","0"
"2023-09-06","MiningDutch","GUN","UselessGuru","0","00:04:41","10.8156864","02:25:19","10.8156864","10.8156864","0","10.8156864","0"
"2023-09-06","MiningDutch","IQ","UselessGuru","0","00:04:41","2.58782551","02:25:19","2.58782551","2.58782551","0","2.58782551","0"
"2023-09-06","MiningDutch","NEOX","UselessGuru","0","00:04:41","0.57254822","02:25:19","0.57254822","0.57254822","0","0.57254822","0"
"2023-09-06","MiningDutch","NYX","UselessGuru","0","00:04:41","0.09979641","02:25:19","0.09979641","0.09979641","0","0.09979641","0"
"2023-09-06","MiningDutch","PAPRY","UselessGuru","0","00:04:41","0.22477687","02:25:19","0.22477687","0.22477687","0","0.22477687","0"
"2023-09-06","MiningDutch","UFO","UselessGuru","0","00:04:41","0.20887727","02:25:19","0.20887727","0.20887727","0","0.20887727","0"
"2023-09-06","MiningDutch","VHH","UselessGuru","0","00:04:41","6317.71316063","02:25:19","6317.71316063","6317.71316063","0","6317.71316063","0"
"2023-09-06","MiningDutch","VTC","UselessGuru","0","00:04:41","0.08558942","02:25:19","0.08558942","0.08558942","0","0.08558942","0"
"2023-09-06","MiningDutch","YEC","UselessGuru","0","00:04:41","0.10712654","02:25:19","0.10712654","0.10712654","0","0.10712654","0"
"2023-09-06","MiningDutch","YTN","UselessGuru","0","00:04:41","0.47039829","02:25:19","0.47039829","0.47039829","0","0.47039829","0"
"2023-09-06","MiningDutch","ZCL","UselessGuru","0","00:04:41","0.02185477","02:25:19","0.02185477","0.02185477","0","0.02185477","0"
"2023-09-06","NiceHash External","BTC","1GPSq8txFnyrYdXL8t6S94mYdF8cGqVQJF","0","00:04:41","0.00057724","02:25:19","0.00057724","0.00057684","4E-07","0.00057724","0"
"2023-09-06","NiceHash Internal","BTC","33hZYX8iFg5zm9E3geqrNgeP6TMzszZk5R","0","00:04:41","0.00730754","02:25:19","0.00730754","0.00730754","0","0.00730754","0"
"2023-09-06","ProHashing","ETH","UselessGuru","0","00:04:41","1.1152209623217067E-05","02:25:19","1.1152209623217067E-05","1.1152209623217067E-05","0","1.1152209623217067E-05","0"
"2023-09-06","ProHashing","RTM","UselessGuru","0","00:04:41","0.0048188439854162","02:25:19","0.0048188439854162","0.0048188439854162","0","0.0048188439854162","0"
"2023-09-06","ProHashing","XMR","UselessGuru","0","00:04:41","2.563445299E-07","02:25:19","2.563445299E-07","2.563445299E-07","0","2.563445299E-07","0"
"2023-09-06","ZergPool","BTC","1GPSq8txFnyrYdXL8t6S94mYdF8cGqVQJF","0","00:04:41","0.00062149","02:25:19","0.00062149","0.00062148","6.8276634366044E-09","0.00062149","0"
"2023-09-06","Zpool","BTC","1GPSq8txFnyrYdXL8t6S94mYdF8cGqVQJF","0","00:04:41","2.793E-05","02:25:19","2.793E-05","2.793E-05","8.7205029347585E-10","2.793E-05","0"
"2023-09-08","HashCryptos","BTC","1GPSq8txFnyrYdXL8t6S94mYdF8cGqVQJF","0","07:16:49","1.8900000000000003E-06","07:26:50","1.8900000000000003E-06","1.67E-06","1.9E-07","1.86E-06","0"
"2023-09-08","HiveON","ETC","7cf99ec9029a98afd385f106a93977d8105fec0f","0","07:16:49","0.015402569","07:26:50","0.015402569","0.015402569","0","0.015402569","0"
"2023-09-08","MiningDutch","AEON","UselessGuru","0","07:16:49","0.00170007","07:26:50","0.00170007","0.00170007","0","0.00170007","0"
"2023-09-08","MiningDutch","BELL","UselessGuru","0","07:16:49","0.43648422","07:26:50","0.43648422","0.43648422","0","0.43648422","0"
"2023-09-08","MiningDutch","BTC","UselessGuru","0","07:16:49","4.699E-05","07:26:50","4.699E-05","4.699E-05","0","4.699E-05","0"
"2023-09-08","MiningDutch","CCC","UselessGuru","0","07:16:49","4.313485","07:26:50","4.313485","4.313485","0","4.313485","0"
"2023-09-08","MiningDutch","CLORE","UselessGuru","0","07:16:49","0.01281439","07:26:50","0.01281439","0.01281439","0","0.01281439","0"
"2023-09-08","MiningDutch","DMS","UselessGuru","0","07:16:49","0.09630923","07:26:50","0.09630923","0.09630923","0","0.09630923","0"
"2023-09-08","MiningDutch","FTC","UselessGuru","0","07:16:49","0.84452926","07:26:50","0.84452926","0.84452926","0","0.84452926","0"
"2023-09-08","MiningDutch","GUN","UselessGuru","0","07:16:49","10.8156864","07:26:50","10.8156864","10.8156864","0","10.8156864","0"
"2023-09-08","MiningDutch","IQ","UselessGuru","0","07:16:49","2.58782551","07:26:50","2.58782551","2.58782551","0","2.58782551","0"
"2023-09-08","MiningDutch","NEOX","UselessGuru","0","07:16:49","0.57254822","07:26:50","0.57254822","0.57254822","0","0.57254822","0"
"2023-09-08","MiningDutch","NYX","UselessGuru","0","07:16:49","0.09979641","07:26:50","0.09979641","0.09979641","0","0.09979641","0"
"2023-09-08","MiningDutch","PAPRY","UselessGuru","0","07:16:49","0.22477687","07:26:50","0.22477687","0.22477687","0","0.22477687","0"
"2023-09-08","MiningDutch","UFO","UselessGuru","0","07:16:49","0.20887727","07:26:50","0.20887727","0.20887727","0","0.20887727","0"
"2023-09-08","MiningDutch","VHH","UselessGuru","0","07:16:49","6317.71316063","07:26:50","6317.71316063","6317.71316063","0","6317.71316063","0"
"2023-09-08","MiningDutch","VTC","UselessGuru","0","07:16:49","0.08558942","07:26:50","0.08558942","0.08558942","0","0.08558942","0"
"2023-09-08","MiningDutch","YEC","UselessGuru","0","07:16:49","0.10712654","07:26:50","0.10712654","0.10712654","0","0.10712654","0"
"2023-09-08","MiningDutch","YTN","UselessGuru","0","07:16:49","0.47039829","07:26:50","0.47039829","0.47039829","0","0.47039829","0"
"2023-09-08","MiningDutch","ZCL","UselessGuru","0","07:16:49","0.02185477","07:26:50","0.02185477","0.02185477","0","0.02185477","0"
"2023-09-08","NiceHash External","BTC","1GPSq8txFnyrYdXL8t6S94mYdF8cGqVQJF","0","07:16:49","0.00057724","07:26:50","0.00057724","0.00057684","4E-07","0.00057724","0"
"2023-09-08","NiceHash Internal","BTC","33hZYX8iFg5zm9E3geqrNgeP6TMzszZk5R","0","07:16:49","0.00730754","07:26:50","0.00730754","0.00730754","0","0.00730754","0"
"2023-09-08","ProHashing","ETH","UselessGuru","0","07:16:49","1.1152209623217067E-05","07:26:50","1.1152209623217067E-05","1.1152209623217067E-05","0","1.1152209623217067E-05","0"
"2023-09-08","ProHashing","RTM","UselessGuru","0","07:16:49","0.0048188439854162","07:26:50","0.0048188439854162","0.0048188439854162","0","0.0048188439854162","0"
"2023-09-08","ProHashing","XMR","UselessGuru","0","07:16:49","2.563445299E-07","07:26:50","2.563445299E-07","2.563445299E-07","0","2.563445299E-07","0"
"2023-09-08","ZergPool","BTC","1GPSq8txFnyrYdXL8t6S94mYdF8cGqVQJF","0","07:16:49","0.00062149","07:26:50","0.00062167","0.00062162","4.7501035356742E-08","0.00062167","0"
"2023-09-08","Zpool","BTC","1GPSq8txFnyrYdXL8t6S94mYdF8cGqVQJF","0","07:16:49","2.793E-05","07:26:50","2.794E-05","2.794E-05","1.0085451220199E-09","2.794E-05","0"
"2023-09-10","HashCryptos","BTC","1GPSq8txFnyrYdXL8t6S94mYdF8cGqVQJF","0","21:22:50","1.8900000000000003E-06","21:22:50","1.8900000000000003E-06","1.67E-06","1.6E-07","1.83E-06","0"
"2023-09-10","HiveON","ETC","7cf99ec9029a98afd385f106a93977d8105fec0f","0","21:22:50","0.015402569","21:22:50","0.015402569","0.015402569","0","0.015402569","0"
"2023-09-10","MiningDutch","AEON","UselessGuru","0","21:22:50","0.00170007","21:22:50","0.00170007","0.00170007","0","0.00170007","0"
"2023-09-10","MiningDutch","BELL","UselessGuru","0","21:22:50","0.43648422","21:22:50","0.43648422","0.43648422","0","0.43648422","0"
"2023-09-10","MiningDutch","BTC","UselessGuru","0","21:22:50","4.699E-05","21:22:50","4.699E-05","4.699E-05","0","4.699E-05","0"
"2023-09-10","MiningDutch","CCC","UselessGuru","0","21:22:50","4.313485","21:22:50","4.313485","4.313485","0","4.313485","0"
"2023-09-10","MiningDutch","CLORE","UselessGuru","0","21:22:50","0.01281439","21:22:50","0.01281439","0.01281439","0","0.01281439","0"
"2023-09-10","MiningDutch","DMS","UselessGuru","0","21:22:50","0.09630923","21:22:50","0.09630923","0.09630923","0","0.09630923","0"
"2023-09-10","MiningDutch","FTC","UselessGuru","0","21:22:50","0.84452926","21:22:50","0.84452926","0.84452926","0","0.84452926","0"
"2023-09-10","MiningDutch","GUN","UselessGuru","0","21:22:50","10.8156864","21:22:50","10.8156864","10.8156864","0","10.8156864","0"
"2023-09-10","MiningDutch","IQ","UselessGuru","0","21:22:50","2.58782551","21:22:50","2.58782551","2.58782551","0","2.58782551","0"
"2023-09-10","MiningDutch","NEOX","UselessGuru","0","21:22:50","0.57254822","21:22:50","0.57254822","0.57254822","0","0.57254822","0"
"2023-09-10","MiningDutch","NYX","UselessGuru","0","21:22:50","0.09979641","21:22:50","0.09979641","0.09979641","0","0.09979641","0"
"2023-09-10","MiningDutch","PAPRY","UselessGuru","0","21:22:50","0.22477687","21:22:50","0.22477687","0.22477687","0","0.22477687","0"
"2023-09-10","MiningDutch","UFO","UselessGuru","0","21:22:50","0.20887727","21:22:50","0.20887727","0.20887727","0","0.20887727","0"
"2023-09-10","MiningDutch","VHH","UselessGuru","0","21:22:50","6317.71316063","21:22:50","6317.71316063","6317.71316063","0","6317.71316063","0"
"2023-09-10","MiningDutch","VTC","UselessGuru","0","21:22:50","0.08558942","21:22:50","0.08558942","0.08558942","0","0.08558942","0"
"2023-09-10","MiningDutch","YEC","UselessGuru","0","21:22:50","0.10712654","21:22:50","0.10712654","0.10712654","0","0.10712654","0"
"2023-09-10","MiningDutch","YTN","UselessGuru","0","21:22:50","0.47039829","21:22:50","0.47039829","0.47039829","0","0.47039829","0"
"2023-09-10","MiningDutch","ZCL","UselessGuru","0","21:22:50","0.02185477","21:22:50","0.02185477","0.02185477","0","0.02185477","0"
"2023-09-10","NiceHash External","BTC","1GPSq8txFnyrYdXL8t6S94mYdF8cGqVQJF","0","21:22:50","0.00057724","21:22:50","0.00057724","0.00057684","4E-07","0.00057724","0"
"2023-09-10","NiceHash Internal","BTC","33hZYX8iFg5zm9E3geqrNgeP6TMzszZk5R","0","21:22:50","0.00730754","21:22:50","0.00730754","0.00730754","0","0.00730754","0"
"2023-09-10","ProHashing","ETH","UselessGuru","0","21:22:50","1.1152209623217067E-05","21:22:50","1.1152209623217067E-05","1.1152209623217067E-05","0","1.1152209623217067E-05","0"
"2023-09-10","ProHashing","RTM","UselessGuru","0","21:22:50","0.0048188439854162","21:22:50","0.0048188439854162","0.0048188439854162","0","0.0048188439854162","0"
"2023-09-10","ProHashing","XMR","UselessGuru","0","21:22:50","2.563445299E-07","21:22:50","2.563445299E-07","2.563445299E-07","0","2.563445299E-07","0"
"2023-09-10","ZergPool","BTC","1GPSq8txFnyrYdXL8t6S94mYdF8cGqVQJF","0","21:22:50","0.00062167","21:22:50","0.0006217","0.00062169","8.7196807701249E-09","0.0006217","0"
"2023-09-10","Zpool","BTC","1GPSq8txFnyrYdXL8t6S94mYdF8cGqVQJF","0","21:22:50","2.794E-05","21:22:50","2.794E-05","2.794E-05","0","2.794E-05","0"
"2023-09-11","HashCryptos","BTC","1GPSq8txFnyrYdXL8t6S94mYdF8cGqVQJF","0","21:37:55","1.8900000000000003E-06","21:47:57","1.9100000000000003E-06","1.67E-06","1.8E-07","1.85E-06","0"
"2023-09-11","HiveON","ETC","7cf99ec9029a98afd385f106a93977d8105fec0f","0","21:37:55","0.015402569","21:47:57","0.015402569","0.015402569","0","0.015402569","0"
"2023-09-11","MiningDutch","AEON","UselessGuru","0","21:37:55","0.00170007","21:47:57","0.00170007","0.00170007","0","0.00170007","0"
"2023-09-11","MiningDutch","BELL","UselessGuru","0","21:37:55","0.43648422","21:47:57","0.43648422","0.43648422","0","0.43648422","0"
"2023-09-11","MiningDutch","BTC","UselessGuru","0","21:37:55","4.699E-05","21:47:57","4.699E-05","4.699E-05","0","4.699E-05","0"
"2023-09-11","MiningDutch","CCC","UselessGuru","0","21:37:55","4.313485","21:47:57","4.313485","4.313485","0","4.313485","0"
"2023-09-11","MiningDutch","CLORE","UselessGuru","0","21:37:55","0.01281439","21:47:57","0.01281439","0.01281439","0","0.01281439","0"
"2023-09-11","MiningDutch","DMS","UselessGuru","0","21:37:55","0.09630923","21:47:57","0.09630923","0.09630923","0","0.09630923","0"
"2023-09-11","MiningDutch","FTC","UselessGuru","0","21:37:55","0.84452926","21:47:57","0.84452926","0.84452926","0","0.84452926","0"
"2023-09-11","MiningDutch","GUN","UselessGuru","0","21:37:55","10.8156864","21:47:57","10.8156864","10.8156864","0","10.8156864","0"
"2023-09-11","MiningDutch","IQ","UselessGuru","0","21:37:55","2.58782551","21:47:57","2.58782551","2.58782551","0","2.58782551","0"
"2023-09-11","MiningDutch","NEOX","UselessGuru","0","21:37:55","0.57254822","21:47:57","0.57254822","0.57254822","0","0.57254822","0"
"2023-09-11","MiningDutch","NYX","UselessGuru","0","21:37:55","0.09979641","21:47:57","0.09979641","0.09979641","0","0.09979641","0"
"2023-09-11","MiningDutch","PAPRY","UselessGuru","0","21:37:55","0.22477687","21:47:57","0.22477687","0.22477687","0","0.22477687","0"
"2023-09-11","MiningDutch","UFO","UselessGuru","0","21:37:55","0.20887727","21:47:57","0.20887727","0.20887727","0","0.20887727","0"
"2023-09-11","MiningDutch","VHH","UselessGuru","0","21:37:55","6317.71316063","21:47:57","6317.71316063","6317.71316063","0","6317.71316063","0"
"2023-09-11","MiningDutch","VTC","UselessGuru","0","21:37:55","0.08558942","21:47:57","0.08558942","0.08558942","0","0.08558942","0"
"2023-09-11","MiningDutch","YEC","UselessGuru","0","21:37:55","0.10712654","21:47:57","0.10712654","0.10712654","0","0.10712654","0"
"2023-09-11","MiningDutch","YTN","UselessGuru","0","21:37:55","0.47039829","21:47:57","0.47039829","0.47039829","0","0.47039829","0"
"2023-09-11","MiningDutch","ZCL","UselessGuru","0","21:37:55","0.02185477","21:47:57","0.02185477","0.02185477","0","0.02185477","0"
"2023-09-11","NiceHash External","BTC","1GPSq8txFnyrYdXL8t6S94mYdF8cGqVQJF","0","21:37:55","0.00057724","21:47:57","0.00057724","0.00057684","4E-07","0.00057724","0"
"2023-09-11","NiceHash Internal","BTC","33hZYX8iFg5zm9E3geqrNgeP6TMzszZk5R","0","21:37:55","0.00730754","21:47:57","0.00730754","0.00730754","0","0.00730754","0"
"2023-09-11","ProHashing","ETH","UselessGuru","0","21:37:55","1.1152209623217067E-05","21:47:57","1.1152209623217067E-05","1.1152209623217067E-05","0","1.1152209623217067E-05","0"
"2023-09-11","ProHashing","RTM","UselessGuru","0","21:37:55","0.0048188439854162","21:47:57","0.0048188439854162","0.0048188439854162","0","0.0048188439854162","0"
"2023-09-11","ProHashing","XMR","UselessGuru","0","21:37:55","2.563445299E-07","21:47:57","2.563445299E-07","2.563445299E-07","0","2.563445299E-07","0"
"2023-09-11","ZergPool","BTC","1GPSq8txFnyrYdXL8t6S94mYdF8cGqVQJF","0","21:37:55","0.0006217","21:47:57","0.0006217","0.0006217","4.4712696641762E-09","0.0006217","0"
"2023-09-11","Zpool","BTC","1GPSq8txFnyrYdXL8t6S94mYdF8cGqVQJF","0","21:37:55","2.794E-05","21:47:57","2.794E-05","2.794E-05","1.0275027370955E-09","2.794E-05","0"
"2023-09-12","HashCryptos","BTC","1GPSq8txFnyrYdXL8t6S94mYdF8cGqVQJF","0","08:05:22","1.9100000000000003E-06","21:35:31","1.9100000000000003E-06","1.67E-06","1.8E-07","1.85E-06","0"
"2023-09-12","HiveON","ETC","7cf99ec9029a98afd385f106a93977d8105fec0f","0","08:05:22","0.015402569","21:35:31","0.015402569","0.015402569","0","0.015402569","0"
"2023-09-12","MiningDutch","AEON","UselessGuru","0","08:05:22","0.00170007","21:35:31","0.00170007","0.00170007","0","0.00170007","0"
"2023-09-12","MiningDutch","BELL","UselessGuru","0","08:05:22","0.43648422","21:35:31","0.43648422","0.43648422","0","0.43648422","0"
"2023-09-12","MiningDutch","BTC","UselessGuru","0","08:05:22","4.699E-05","21:35:31","4.699E-05","4.699E-05","0","4.699E-05","0"
"2023-09-12","MiningDutch","CCC","UselessGuru","0","08:05:22","4.313485","21:35:31","4.313485","4.313485","0","4.313485","0"
"2023-09-12","MiningDutch","CLORE","UselessGuru","0","08:05:22","0.01281439","21:35:31","0.01281439","0.01281439","0","0.01281439","0"
"2023-09-12","MiningDutch","DMS","UselessGuru","0","08:05:22","0.09630923","21:35:31","0.09630923","0.09630923","0","0.09630923","0"
"2023-09-12","MiningDutch","FTC","UselessGuru","0","08:05:22","0.84452926","21:35:31","0.84452926","0.84452926","0","0.84452926","0"
"2023-09-12","MiningDutch","GUN","UselessGuru","0","08:05:22","10.8156864","21:35:31","10.8156864","10.8156864","0","10.8156864","0"
"2023-09-12","MiningDutch","IQ","UselessGuru","0","08:05:22","2.58782551","21:35:31","2.58782551","2.58782551","0","2.58782551","0"
"2023-09-12","MiningDutch","NEOX","UselessGuru","0","08:05:22","0.57254822","21:35:31","0.57254822","0.57254822","0","0.57254822","0"
"2023-09-12","MiningDutch","NYX","UselessGuru","0","08:05:22","0.09979641","21:35:31","0.09979641","0.09979641","0","0.09979641","0"
"2023-09-12","MiningDutch","PAPRY","UselessGuru","0","08:05:22","0.22477687","21:35:31","0.22477687","0.22477687","0","0.22477687","0"
"2023-09-12","MiningDutch","UFO","UselessGuru","0","08:05:22","0.20887727","21:35:31","0.20887727","0.20887727","0","0.20887727","0"
"2023-09-12","MiningDutch","VHH","UselessGuru","0","08:05:22","6317.71316063","21:35:31","6317.71316063","6317.71316063","0","6317.71316063","0"
"2023-09-12","MiningDutch","VTC","UselessGuru","0","08:05:22","0.08558942","21:35:31","0.08558942","0.08558942","0","0.08558942","0"
"2023-09-12","MiningDutch","YEC","UselessGuru","0","08:05:22","0.10712654","21:35:31","0.10712654","0.10712654","0","0.10712654","0"
"2023-09-12","MiningDutch","YTN","UselessGuru","0","08:05:22","0.47039829","21:35:31","0.47039829","0.47039829","0","0.47039829","0"
"2023-09-12","MiningDutch","ZCL","UselessGuru","0","08:05:22","0.02185477","21:35:31","0.02185477","0.02185477","0","0.02185477","0"
"2023-09-12","NiceHash External","BTC","1GPSq8txFnyrYdXL8t6S94mYdF8cGqVQJF","0","08:05:22","0.00057724","21:35:31","0.00057724","0.00057684","4E-07","0.00057724","0"
"2023-09-12","NiceHash Internal","BTC","33hZYX8iFg5zm9E3geqrNgeP6TMzszZk5R","0","08:05:22","0.00730754","21:35:31","0.00730754","0.00730754","0","0.00730754","0"
"2023-09-12","ProHashing","ETH","UselessGuru","0","08:05:22","1.1152209623217067E-05","21:35:31","1.1152209623217067E-05","1.1152209623217067E-05","0","1.1152209623217067E-05","0"
"2023-09-12","ProHashing","RTM","UselessGuru","0","08:05:22","0.0048188439854162","21:35:31","0.0048188439854162","0.0048188439854162","0","0.0048188439854162","0"
"2023-09-12","ProHashing","XMR","UselessGuru","0","08:05:22","2.563445299E-07","21:35:31","2.563445299E-07","2.563445299E-07","0","2.563445299E-07","0"
"2023-09-12","ZergPool","BTC","1GPSq8txFnyrYdXL8t6S94mYdF8cGqVQJF","1.0000000000049032E-08","08:05:22","0.0006217","21:35:31","0.00062171","0.0006217","4.4712696641762E-09","0.00062171","0"
"2023-09-12","Zpool","BTC","1GPSq8txFnyrYdXL8t6S94mYdF8cGqVQJF","0","08:05:22","2.794E-05","21:35:31","2.794E-05","2.794E-05","1.0275027370955E-09","2.794E-05","0"
"2023-09-15","HashCryptos","BTC","1GPSq8txFnyrYdXL8t6S94mYdF8cGqVQJF","0","19:01:17","1.9100000000000003E-06","23:16:37","1.9100000000000003E-06","1.67E-06","1.7E-07","1.84E-06","0"
"2023-09-15","HiveON","ETC","7cf99ec9029a98afd385f106a93977d8105fec0f","0","19:01:17","0.015402569","23:16:37","0.015402569","0.015402569","0","0.015402569","0"
"2023-09-15","MiningDutch","AEON","UselessGuru","0","19:01:17","0.00170007","23:16:37","0.00170007","0.00170007","0","0.00170007","0"
"2023-09-15","MiningDutch","BELL","UselessGuru","0","19:01:17","0.43648422","23:16:37","0.43648422","0.43648422","0","0.43648422","0"
"2023-09-15","MiningDutch","BTC","UselessGuru","0","19:01:17","4.699E-05","23:16:37","4.699E-05","3.753E-05","0","3.753E-05","0"
"2023-09-15","MiningDutch","CCC","UselessGuru","0","19:01:17","4.313485","23:16:37","4.313485","4.313485","0","4.313485","0"
"2023-09-15","MiningDutch","CLORE","UselessGuru","0","19:01:17","0.01281439","23:16:37","0.01281439","0.01281439","0","0.01281439","0"
"2023-09-15","MiningDutch","DMS","UselessGuru","0","19:01:17","0.09630923","23:16:37","0.09630923","0.09630923","0","0.09630923","0"
"2023-09-15","MiningDutch","FTC","UselessGuru","0","19:01:17","0.84452926","23:16:37","0.84452926","0.84452926","0","0.84452926","0"
"2023-09-15","MiningDutch","GUN","UselessGuru","0","19:01:17","10.8156864","23:16:37","10.8156864","10.8156864","0","10.8156864","0"
"2023-09-15","MiningDutch","IQ","UselessGuru","0","19:01:17","2.58782551","23:16:37","2.58782551","2.58782551","0","2.58782551","0"
"2023-09-15","MiningDutch","NEOX","UselessGuru","0","19:01:17","0.57254822","23:16:37","0.57254822","0.57254822","0","0.57254822","0"
"2023-09-15","MiningDutch","NYX","UselessGuru","0","19:01:17","0.09979641","23:16:37","0.09979641","0.09979641","0","0.09979641","0"
"2023-09-15","MiningDutch","PAPRY","UselessGuru","0","19:01:17","0.22477687","23:16:37","0.22477687","0.22477687","0","0.22477687","0"
"2023-09-15","MiningDutch","UFO","UselessGuru","0","19:01:17","0.20887727","23:16:37","0.20887727","0.20887727","0","0.20887727","0"
"2023-09-15","MiningDutch","VHH","UselessGuru","0","19:01:17","6317.71316063","23:16:37","6317.71316063","6317.71316063","0","6317.71316063","0"
"2023-09-15","MiningDutch","VTC","UselessGuru","0","19:01:17","0.08558942","23:16:37","0.08558942","0.08558942","0","0.08558942","0"
"2023-09-15","MiningDutch","YEC","UselessGuru","0","19:01:17","0.10712654","23:16:37","0.10712654","0.10712654","0","0.10712654","0"
"2023-09-15","MiningDutch","YTN","UselessGuru","0","19:01:17","0.47039829","23:16:37","0.47039829","0.47039829","0","0.47039829","0"
"2023-09-15","MiningDutch","ZCL","UselessGuru","0","19:01:17","0.02185477","23:16:37","0.02185477","0.02185477","0","0.02185477","0"
"2023-09-15","NiceHash External","BTC","1GPSq8txFnyrYdXL8t6S94mYdF8cGqVQJF","0","19:01:17","0.00057724","23:16:37","0.00057724","0.00057684","4E-07","0.00057724","0"
"2023-09-15","NiceHash Internal","BTC","33hZYX8iFg5zm9E3geqrNgeP6TMzszZk5R","0","19:01:17","0.00730754","23:16:37","0.00730754","0.00730754","0","0.00730754","0"
"2023-09-15","ProHashing","ETH","UselessGuru","0","19:01:17","1.1152209623217067E-05","23:16:37","1.1152209623217067E-05","1.1152209623217067E-05","0","1.1152209623217067E-05","0"
"2023-09-15","ProHashing","RTM","UselessGuru","0","19:01:17","0.0048188439854162","23:16:37","0.0048188439854162","0.0048188439854162","0","0.0048188439854162","0"
"2023-09-15","ProHashing","XMR","UselessGuru","0","19:01:17","2.563445299E-07","23:16:37","2.563445299E-07","2.563445299E-07","0","2.563445299E-07","0"
"2023-09-15","ZergPool","BTC","1GPSq8txFnyrYdXL8t6S94mYdF8cGqVQJF","1.0000000000049032E-08","19:01:17","0.00062171","23:16:37","0.0006217200000000001","0.0006217","3.2031550930215E-09","0.00062171","0"
"2023-09-15","Zpool","BTC","1GPSq8txFnyrYdXL8t6S94mYdF8cGqVQJF","1.0000000000001598E-08","19:01:17","2.794E-05","23:16:37","2.796E-05","2.795E-05","1.5545244361307E-09","2.796E-05","0"
"2023-09-16","HashCryptos","BTC","1GPSq8txFnyrYdXL8t6S94mYdF8cGqVQJF","0","18:11:10","1.9100000000000003E-06","20:24:01","1.9100000000000003E-06","1.67E-06","1.7E-07","1.84E-06","0"
"2023-09-16","HiveON","ETC","7cf99ec9029a98afd385f106a93977d8105fec0f","0","18:11:10","0.015402569","20:24:01","0.015402569","0.015402569","0","0.015402569","0"
"2023-09-16","MiningDutch","AEON","UselessGuru","0","18:11:10","0.00170007","20:24:01","0.00170007","0.00170007","0","0.00170007","0"
"2023-09-16","MiningDutch","BELL","UselessGuru","0","18:11:10","0.43648422","20:24:01","0.43648422","0.43648422","0","0.43648422","0"
"2023-09-16","MiningDutch","BTC","UselessGuru","0","18:11:10","4.699E-05","20:24:01","4.726E-05","3.78E-05","0","3.78E-05","0"
"2023-09-16","MiningDutch","CCC","UselessGuru","0","18:11:10","4.313485","20:24:01","4.313485","4.313485","0","4.313485","0"
"2023-09-16","MiningDutch","CLORE","UselessGuru","0","18:11:10","0.01281439","20:24:01","0.01281439","0.01281439","0","0.01281439","0"
"2023-09-16","MiningDutch","DMS","UselessGuru","0","18:11:10","0.09630923","20:24:01","0.09630923","0.09630923","0","0.09630923","0"
"2023-09-16","MiningDutch","FTC","UselessGuru","0","18:11:10","0.84452926","20:24:01","0.84452926","0.84452926","0","0.84452926","0"
"2023-09-16","MiningDutch","GUN","UselessGuru","0","18:11:10","10.8156864","20:24:01","10.8156864","10.8156864","0","10.8156864","0"
"2023-09-16","MiningDutch","IQ","UselessGuru","0","18:11:10","2.58782551","20:24:01","2.58782551","2.58782551","0","2.58782551","0"
"2023-09-16","MiningDutch","NEOX","UselessGuru","0","18:11:10","0.57254822","20:24:01","0.57254822","0.57254822","0","0.57254822","0"
"2023-09-16","MiningDutch","NYX","UselessGuru","0","18:11:10","0.09979641","20:24:01","0.09979641","0.09979641","0","0.09979641","0"
"2023-09-16","MiningDutch","PAPRY","UselessGuru","0","18:11:10","0.22477687","20:24:01","0.22477687","0.22477687","0","0.22477687","0"
"2023-09-16","MiningDutch","UFO","UselessGuru","0","18:11:10","0.20887727","20:24:01","0.20887727","0.20887727","0","0.20887727","0"
"2023-09-16","MiningDutch","VHH","UselessGuru","0","18:11:10","6317.71316063","20:24:01","6317.71316063","6317.71316063","0","6317.71316063","0"
"2023-09-16","MiningDutch","VTC","UselessGuru","0","18:11:10","0.08558942","20:24:01","0.08558942","0.08558942","0","0.08558942","0"
"2023-09-16","MiningDutch","YTN","UselessGuru","0","18:11:10","0.47039829","20:24:01","0.47039829","0.47039829","0","0.47039829","0"
"2023-09-16","MiningDutch","ZCL","UselessGuru","0","18:11:10","0.02185477","20:24:01","0.02185477","0.02185477","0","0.02185477","0"
"2023-09-16","NiceHash External","BTC","1GPSq8txFnyrYdXL8t6S94mYdF8cGqVQJF","0","18:11:10","0.00057724","20:24:01","0.00057724","0.00057684","4E-07","0.00057724","0"
"2023-09-16","NiceHash Internal","BTC","33hZYX8iFg5zm9E3geqrNgeP6TMzszZk5R","0","18:11:10","0.00730754","20:24:01","0.00730754","0.00730754","0","0.00730754","0"
"2023-09-16","ProHashing","ETH","UselessGuru","0","18:11:10","1.1152209623217067E-05","20:24:01","1.1156107741411671E-05","1.1156107741411671E-05","0","1.1156107741411671E-05","0"
"2023-09-16","ProHashing","RTM","UselessGuru","0","18:11:10","0.0048188439854162","20:24:01","0.0048188439854162","0.0048188439854162","0","0.0048188439854162","0"
"2023-09-16","ProHashing","XMR","UselessGuru","0","18:11:10","2.563445299E-07","20:24:01","2.563445299E-07","2.563445299E-07","0","2.563445299E-07","0"
"2023-09-16","ZergPool","BTC","1GPSq8txFnyrYdXL8t6S94mYdF8cGqVQJF","0","18:11:10","0.0006217200000000001","20:24:01","0.00062173","0.00062172","2.9152069442263E-09","0.00062172","0"
"2023-09-16","Zpool","BTC","1GPSq8txFnyrYdXL8t6S94mYdF8cGqVQJF","0","18:11:10","2.796E-05","20:24:01","2.796E-05","2.796E-05","1.4786939758938E-09","2.796E-05","0"
"2023-09-17","HashCryptos","BTC","1GPSq8txFnyrYdXL8t6S94mYdF8cGqVQJF","0","06:55:47","1.9100000000000003E-06","21:50:26","1.9100000000000003E-06","1.67E-06","1.7E-07","1.84E-06","0"
"2023-09-17","HiveON","ETC","7cf99ec9029a98afd385f106a93977d8105fec0f","0","06:55:47","0.015402569","21:50:26","0.015402569","0.015402569","0","0.015402569","0"
"2023-09-17","MiningDutch","AEON","UselessGuru","0","06:55:47","0.00170007","21:50:26","0.00170007","0.00170007","0","0.00170007","0"
"2023-09-17","MiningDutch","BELL","UselessGuru","0","06:55:47","0.43648422","21:50:26","0.43648422","0.43648422","0","0.43648422","0"
"2023-09-17","MiningDutch","BTC","UselessGuru","0","06:55:47","4.726E-05","21:50:26","4.726E-05","3.78E-05","0","3.78E-05","0"
"2023-09-17","MiningDutch","CCC","UselessGuru","0","06:55:47","4.313485","21:50:26","4.313485","4.313485","0","4.313485","0"
"2023-09-17","MiningDutch","CLORE","UselessGuru","0","06:55:47","0.01281439","21:50:26","0.01281439","0.01281439","0","0.01281439","0"
"2023-09-17","MiningDutch","DMS","UselessGuru","0","06:55:47","0.09630923","21:50:26","0.09630923","0.09630923","0","0.09630923","0"
"2023-09-17","MiningDutch","FTC","UselessGuru","0","06:55:47","0.84452926","21:50:26","0.84452926","0.84452926","0","0.84452926","0"
"2023-09-17","MiningDutch","GUN","UselessGuru","0","06:55:47","10.8156864","21:50:26","10.8156864","10.8156864","0","10.8156864","0"
"2023-09-17","MiningDutch","IQ","UselessGuru","0","06:55:47","2.58782551","21:50:26","2.58782551","2.58782551","0","2.58782551","0"
"2023-09-17","MiningDutch","NEOX","UselessGuru","0","06:55:47","0.57254822","21:50:26","0.57254822","0.57254822","0","0.57254822","0"
"2023-09-17","MiningDutch","NYX","UselessGuru","0","06:55:47","0.09979641","21:50:26","0.09979641","0.09979641","0","0.09979641","0"
"2023-09-17","MiningDutch","PAPRY","UselessGuru","0","06:55:47","0.22477687","21:50:26","0.22477687","0.22477687","0","0.22477687","0"
"2023-09-17","MiningDutch","UFO","UselessGuru","0","06:55:47","0.20887727","21:50:26","0.20887727","0.20887727","0","0.20887727","0"
"2023-09-17","MiningDutch","VHH","UselessGuru","0","06:55:47","6317.71316063","21:50:26","6317.71316063","6317.71316063","0","6317.71316063","0"
"2023-09-17","MiningDutch","VTC","UselessGuru","0","06:55:47","0.08558942","21:50:26","0.08558942","0.08558942","0","0.08558942","0"
"2023-09-17","MiningDutch","YTN","UselessGuru","0","06:55:47","0.47039829","21:50:26","0.47039829","0.47039829","0","0.47039829","0"
"2023-09-17","MiningDutch","ZCL","UselessGuru","0","06:55:47","0.02185477","21:50:26","0.02185477","0.02185477","0","0.02185477","0"
"2023-09-17","NiceHash External","BTC","1GPSq8txFnyrYdXL8t6S94mYdF8cGqVQJF","0","06:55:47","0.00057724","21:50:26","0.00057724","0.00057684","4E-07","0.00057724","0"
"2023-09-17","NiceHash Internal","BTC","33hZYX8iFg5zm9E3geqrNgeP6TMzszZk5R","0","06:55:47","0.00730754","21:50:26","0.00730754","0.00730754","0","0.00730754","0"
"2023-09-17","ProHashing","ETH","UselessGuru","0","06:55:47","1.1156107741411671E-05","21:50:26","1.1156107741411671E-05","1.1156107741411671E-05","0","1.1156107741411671E-05","0"
"2023-09-17","ProHashing","RTM","UselessGuru","0","06:55:47","0.0048188439854162","21:50:26","0.0048188439854162","0.0048188439854162","0","0.0048188439854162","0"
"2023-09-17","ProHashing","XMR","UselessGuru","0","06:55:47","2.563445299E-07","21:50:26","2.563445299E-07","2.563445299E-07","0","2.563445299E-07","0"
"2023-09-17","ZergPool","BTC","1GPSq8txFnyrYdXL8t6S94mYdF8cGqVQJF","9.000000000000761E-08","06:55:47","0.00062173","21:50:26","0.00062182","0.00062172","0","0.00062181","0"
"2023-09-17","Zpool","BTC","1GPSq8txFnyrYdXL8t6S94mYdF8cGqVQJF","0","06:55:47","2.796E-05","21:50:26","2.796E-05","2.796E-05","0","2.796E-05","0"
"2023-09-18","HashCryptos","BTC","1GPSq8txFnyrYdXL8t6S94mYdF8cGqVQJF","9.999999999999904E-09","18:40:22","1.9100000000000003E-06","23:03:55","1.9500000000000004E-06","1.67E-06","2E-07","1.88E-06","0"
"2023-09-18","HiveON","ETC","7cf99ec9029a98afd385f106a93977d8105fec0f","0","18:40:22","0.015402569","23:03:55","0.015402569","0.015402569","0","0.015402569","0"
"2023-09-18","MiningDutch","AEON","UselessGuru","0","18:40:22","0.00170007","23:03:55","0.00170007","0.00170007","0","0.00170007","0"
"2023-09-18","MiningDutch","BELL","UselessGuru","0","18:40:22","0.43648422","23:03:55","0.43648422","0.43648422","0","0.43648422","0"
"2023-09-18","MiningDutch","BTC","UselessGuru","0","18:40:22","4.726E-05","23:03:55","4.726E-05","3.78E-05","0","3.78E-05","0"
"2023-09-18","MiningDutch","CCC","UselessGuru","0","18:40:22","4.313485","23:03:55","4.313485","4.313485","0","4.313485","0"
"2023-09-18","MiningDutch","CLORE","UselessGuru","0","18:40:22","0.01281439","23:03:55","0.01281439","0.01281439","0","0.01281439","0"
"2023-09-18","MiningDutch","DMS","UselessGuru","0","18:40:22","0.09630923","23:03:55","0.09630923","0.09630923","0","0.09630923","0"
"2023-09-18","MiningDutch","FTC","UselessGuru","0","18:40:22","0.84452926","23:03:55","0.84452926","0.84452926","0","0.84452926","0"
"2023-09-18","MiningDutch","GUN","UselessGuru","0","18:40:22","10.8156864","23:03:55","10.8156864","10.8156864","0","10.8156864","0"
"2023-09-18","MiningDutch","IQ","UselessGuru","0","18:40:22","2.58782551","23:03:55","2.58782551","2.58782551","0","2.58782551","0"
"2023-09-18","MiningDutch","NEOX","UselessGuru","0","18:40:22","0.57254822","23:03:55","0.57254822","0.57254822","0","0.57254822","0"
"2023-09-18","MiningDutch","NYX","UselessGuru","0","18:40:22","0.09979641","23:03:55","0.09979641","0.09979641","0","0.09979641","0"
"2023-09-18","MiningDutch","PAPRY","UselessGuru","0","18:40:22","0.22477687","23:03:55","0.22477687","0.22477687","0","0.22477687","0"
"2023-09-18","MiningDutch","UFO","UselessGuru","0","18:40:22","0.20887727","23:03:55","0.20887727","0.20887727","0","0.20887727","0"
"2023-09-18","MiningDutch","VHH","UselessGuru","0","18:40:22","6317.71316063","23:03:55","6317.71316063","6317.71316063","0","6317.71316063","0"
"2023-09-18","MiningDutch","VTC","UselessGuru","0","18:40:22","0.08558942","23:03:55","0.08558942","0.08558942","0","0.08558942","0"
"2023-09-18","MiningDutch","YTN","UselessGuru","0","18:40:22","0.47039829","23:03:55","0.47039829","0.47039829","0","0.47039829","0"
"2023-09-18","MiningDutch","ZCL","UselessGuru","0","18:40:22","0.02185477","23:03:55","0.02185477","0.02185477","0","0.02185477","0"
"2023-09-18","NiceHash External","BTC","1GPSq8txFnyrYdXL8t6S94mYdF8cGqVQJF","0","18:40:22","0.00057724","23:03:55","0.00057724","0.00057684","4E-07","0.00057724","0"
"2023-09-18","NiceHash Internal","BTC","33hZYX8iFg5zm9E3geqrNgeP6TMzszZk5R","0","18:40:22","0.00730754","23:03:55","0.00730754","0.00730754","0","0.00730754","0"
"2023-09-18","ProHashing","ETH","UselessGuru","0","18:40:22","1.1156107741411671E-05","23:03:55","1.1156107741411671E-05","1.1156107741411671E-05","0","1.1156107741411671E-05","0"
"2023-09-18","ProHashing","RTM","UselessGuru","0","18:40:22","0.0048188439854162","23:03:55","0.0048188439854162","0.0048188439854162","0","0.0048188439854162","0"
"2023-09-18","ProHashing","XMR","UselessGuru","0","18:40:22","2.563445299E-07","23:03:55","2.563445299E-07","2.563445299E-07","0","2.563445299E-07","0"
"2023-09-18","ZergPool","BTC","1GPSq8txFnyrYdXL8t6S94mYdF8cGqVQJF","0","18:40:22","0.00062182","23:03:55","0.00062182","0.00062181","0","0.00062181","0"
"2023-09-18","Zpool","BTC","1GPSq8txFnyrYdXL8t6S94mYdF8cGqVQJF","0","18:40:22","2.796E-05","23:03:55","2.796E-05","2.796E-05","0","2.796E-05","0"
"2023-09-19","HashCryptos","BTC","1GPSq8txFnyrYdXL8t6S94mYdF8cGqVQJF","0","19:05:52","1.9500000000000004E-06","23:52:09","1.9500000000000004E-06","1.67E-06","2E-07","1.87E-06","0"
"2023-09-19","HiveON","ETC","7cf99ec9029a98afd385f106a93977d8105fec0f","0","19:05:52","0.015402569","23:52:09","0.015402569","0.015402569","0","0.015402569","0"
"2023-09-19","MiningDutch","AEON","UselessGuru","0","19:05:52","0.00170007","23:52:09","0.00170007","0.00170007","0","0.00170007","0"
"2023-09-19","MiningDutch","BELL","UselessGuru","0","19:05:52","0.43648422","23:52:09","0.43648422","0.43648422","0","0.43648422","0"
"2023-09-19","MiningDutch","BTC","UselessGuru","0","19:05:52","4.726E-05","23:52:09","4.726E-05","3.78E-05","0","3.78E-05","0"
"2023-09-19","MiningDutch","CCC","UselessGuru","0","19:05:52","4.313485","23:52:09","4.313485","4.313485","0","4.313485","0"
"2023-09-19","MiningDutch","CLORE","UselessGuru","0","19:05:52","0.01281439","23:52:09","0.01281439","0.01281439","0","0.01281439","0"
"2023-09-19","MiningDutch","DMS","UselessGuru","0","19:05:52","0.09630923","23:52:09","0.09630923","0.09630923","0","0.09630923","0"
"2023-09-19","MiningDutch","FTC","UselessGuru","0","19:05:52","0.84452926","23:52:09","0.84452926","0.84452926","0","0.84452926","0"
"2023-09-19","MiningDutch","GUN","UselessGuru","0","19:05:52","10.8156864","23:52:09","10.8156864","10.8156864","0","10.8156864","0"
"2023-09-19","MiningDutch","IQ","UselessGuru","0","19:05:52","2.58782551","23:52:09","2.58782551","2.58782551","0","2.58782551","0"
"2023-09-19","MiningDutch","NEOX","UselessGuru","0","19:05:52","0.57254822","23:52:09","0.57254822","0.57254822","0","0.57254822","0"
"2023-09-19","MiningDutch","NYX","UselessGuru","0","19:05:52","0.09979641","23:52:09","0.09979641","0.09979641","0","0.09979641","0"
"2023-09-19","MiningDutch","PAPRY","UselessGuru","0","19:05:52","0.22477687","23:52:09","0.22477687","0.22477687","0","0.22477687","0"
"2023-09-19","MiningDutch","UFO","UselessGuru","0","19:05:52","0.20887727","23:52:09","0.20887727","0.20887727","0","0.20887727","0"
"2023-09-19","MiningDutch","VHH","UselessGuru","0","19:05:52","6317.71316063","23:52:09","6317.71316063","6317.71316063","0","6317.71316063","0"
"2023-09-19","MiningDutch","VTC","UselessGuru","0","19:05:52","0.08558942","23:52:09","0.08558942","0.08558942","0","0.08558942","0"
"2023-09-19","MiningDutch","YTN","UselessGuru","0","19:05:52","0.47039829","23:52:09","0.47039829","0.47039829","0","0.47039829","0"
"2023-09-19","MiningDutch","ZCL","UselessGuru","0","19:05:52","0.02185477","23:52:09","0.02185477","0.02185477","0","0.02185477","0"
"2023-09-19","NiceHash External","BTC","1GPSq8txFnyrYdXL8t6S94mYdF8cGqVQJF","0","19:05:52","0.00057724","23:52:09","0.00057724","0.00057684","4E-07","0.00057724","0"
"2023-09-19","NiceHash Internal","BTC","33hZYX8iFg5zm9E3geqrNgeP6TMzszZk5R","0","19:05:52","0.00730754","23:52:09","0.00730754","0.00730754","0","0.00730754","0"
"2023-09-19","ProHashing","ETH","UselessGuru","0","19:05:52","1.1156107741411671E-05","23:52:09","1.1156107741411671E-05","1.1156107741411671E-05","0","1.1156107741411671E-05","0"
"2023-09-19","ProHashing","RTM","UselessGuru","0","19:05:52","0.0048188439854162","23:52:09","0.0048188439854162","0.0048188439854162","0","0.0048188439854162","0"
"2023-09-19","ProHashing","XMR","UselessGuru","0","19:05:52","2.563445299E-07","23:52:09","2.563445299E-07","2.563445299E-07","0","2.563445299E-07","0"
"2023-09-19","ZergPool","BTC","1GPSq8txFnyrYdXL8t6S94mYdF8cGqVQJF","0","19:05:52","0.00062182","23:52:09","0.00062182","0.00062181","0","0.00062181","0"
"2023-09-19","Zpool","BTC","1GPSq8txFnyrYdXL8t6S94mYdF8cGqVQJF","0","19:05:52","2.796E-05","23:52:09","2.796E-05","2.796E-05","0","2.796E-05","0"
"2023-09-20","HashCryptos","BTC","1GPSq8txFnyrYdXL8t6S94mYdF8cGqVQJF","9.999999999999904E-09","00:02:13","1.9500000000000004E-06","23:51:16","1.9600000000000003E-06","1.67E-06","2E-07","1.87E-06","0"
"2023-09-20","HiveON","ETC","7cf99ec9029a98afd385f106a93977d8105fec0f","0","00:02:13","0.015402569","23:51:16","0.015402569","0.015402569","0","0.015402569","0"
"2023-09-20","MiningDutch","AEON","UselessGuru","0","00:02:13","0.00170007","23:51:16","0.00170007","0.00170007","0","0.00170007","0"
"2023-09-20","MiningDutch","BELL","UselessGuru","0","00:02:13","0.43648422","23:51:16","0.43648422","0.40296646","0","0.40296646","0.03351775999999995"
"2023-09-20","MiningDutch","BTC","UselessGuru","0","00:02:13","4.726E-05","23:51:16","4.726E-05","3.755E-05","0","3.755E-05","0"
"2023-09-20","MiningDutch","CCC","UselessGuru","0","00:02:13","4.313485","23:51:16","4.313485","4.313485","0","4.313485","0"
"2023-09-20","MiningDutch","CLORE","UselessGuru","0","00:02:13","0.01281439","23:51:16","0.01281439","0.01281439","0","0.01281439","0"
"2023-09-20","MiningDutch","DMS","UselessGuru","0","00:02:13","0.09630923","23:51:16","0.09630923","0.08894969","0","0.08894969","0.007359539999999998"
"2023-09-20","MiningDutch","FTC","UselessGuru","0","00:02:13","0.84452926","23:51:16","0.84452926","0.84452926","0","0.84452926","0"
"2023-09-20","MiningDutch","GUN","UselessGuru","0","00:02:13","10.8156864","23:51:16","10.8156864","10.8156864","0","10.8156864","0"
"2023-09-20","MiningDutch","IQ","UselessGuru","0","00:02:13","2.58782551","23:51:16","2.58782551","2.58782551","0","2.58782551","0"
"2023-09-20","MiningDutch","NEOX","UselessGuru","0","00:02:13","0.57254822","23:51:16","0.57254822","0.57254822","0","0.57254822","0"
"2023-09-20","MiningDutch","NYX","UselessGuru","0","00:02:13","0.09979641","23:51:16","0.09979641","0.09979641","0","0.09979641","0"
"2023-09-20","MiningDutch","PAPRY","UselessGuru","0","00:02:13","0.22477687","23:51:16","0.22477687","0.22477687","0","0.22477687","0"
"2023-09-20","MiningDutch","UFO","UselessGuru","0","00:02:13","0.20887727","23:51:16","0.20887727","0.20887727","0","0.20887727","0"
"2023-09-20","MiningDutch","VHH","UselessGuru","0","00:02:13","6317.71316063","23:51:16","6317.71316063","6317.71316063","0","6317.71316063","0"
"2023-09-20","MiningDutch","VTC","UselessGuru","0","00:02:13","0.08558942","23:51:16","0.08558942","0.08558942","0","0.08558942","0"
"2023-09-20","MiningDutch","YTN","UselessGuru","0","00:02:13","0.47039829","23:51:16","0.47039829","0.47039829","0","0.47039829","0"
"2023-09-20","MiningDutch","ZCL","UselessGuru","0","00:02:13","0.02185477","23:51:16","0.02185477","0.02185477","0","0.02185477","0"
"2023-09-20","NiceHash External","BTC","1GPSq8txFnyrYdXL8t6S94mYdF8cGqVQJF","0","00:02:13","0.00057724","23:51:16","0.00057724","0.00057684","4E-07","0.00057724","0"
"2023-09-20","NiceHash Internal","BTC","33hZYX8iFg5zm9E3geqrNgeP6TMzszZk5R","0","00:02:13","0.00730754","23:51:16","0.00730754","0.00730754","0","0.00730754","0"
"2023-09-20","ProHashing","ETH","UselessGuru","0","00:02:13","1.1156107741411671E-05","23:51:16","1.1156107741411671E-05","1.1156107741411671E-05","0","1.1156107741411671E-05","0"
"2023-09-20","ProHashing","RTM","UselessGuru","0","00:02:13","0.0048188439854162","23:51:16","0.0048188439854162","0.0048188439854162","0","0.0048188439854162","0"
"2023-09-20","ProHashing","XMR","UselessGuru","0","00:02:13","2.563445299E-07","23:51:16","2.563445299E-07","2.563445299E-07","0","2.563445299E-07","0"
"2023-09-20","ZergPool","BTC","1GPSq8txFnyrYdXL8t6S94mYdF8cGqVQJF","0","00:02:13","0.00062182","23:51:16","0.00062182","0.00062181","0","0.00062181","0"
"2023-09-20","Zpool","BTC","1GPSq8txFnyrYdXL8t6S94mYdF8cGqVQJF","0","00:02:13","2.796E-05","23:51:16","2.796E-05","2.796E-05","7.8823124764276E-10","2.796E-05","0"
"2023-09-21","HashCryptos","BTC","1GPSq8txFnyrYdXL8t6S94mYdF8cGqVQJF","9.999999999999904E-09","00:01:18","1.9600000000000003E-06","10:12:20","1.97E-06","1.67E-06","2E-07","1.87E-06","0"
"2023-09-21","HiveON","ETC","7cf99ec9029a98afd385f106a93977d8105fec0f","0","00:01:18","0.015402569","10:12:20","0.015402569","0.015402569","0","0.015402569","0"
"2023-09-21","MiningDutch","AEON","UselessGuru","0","00:01:18","0.00170007","10:12:20","0.00170007","0.00170007","0","0.00170007","0"
"2023-09-21","MiningDutch","BELL","UselessGuru","0","00:01:18","0.43648422","10:12:20","0.43648422","0.40296646","0","0.40296646","0"
"2023-09-21","MiningDutch","BTC","UselessGuru","0","00:01:18","4.726E-05","10:12:20","4.726E-05","3.755E-05","0","3.755E-05","0"
"2023-09-21","MiningDutch","CCC","UselessGuru","0","00:01:18","4.313485","10:12:20","4.313485","4.313485","0","4.313485","0"
"2023-09-21","MiningDutch","CLORE","UselessGuru","0","00:01:18","0.01281439","10:12:20","0.01281439","0.01281439","0","0.01281439","0"
"2023-09-21","MiningDutch","DMS","UselessGuru","0","00:01:18","0.09630923","10:12:20","0.09630923","0.08894969","0","0.08894969","0"
"2023-09-21","MiningDutch","FTC","UselessGuru","0","00:01:18","0.84452926","10:12:20","0.84452926","0.84452926","0","0.84452926","0"
"2023-09-21","MiningDutch","GUN","UselessGuru","0","00:01:18","10.8156864","10:12:20","10.8156864","10.8156864","0","10.8156864","0"
"2023-09-21","MiningDutch","IQ","UselessGuru","0","00:01:18","2.58782551","10:12:20","2.58782551","2.58782551","0","2.58782551","0"
"2023-09-21","MiningDutch","NEOX","UselessGuru","0","00:01:18","0.57254822","10:12:20","0.57254822","0.57254822","0","0.57254822","0"
"2023-09-21","MiningDutch","NYX","UselessGuru","0","00:01:18","0.09979641","10:12:20","0.09979641","0.09979641","0","0.09979641","0"
"2023-09-21","MiningDutch","PAPRY","UselessGuru","0","00:01:18","0.22477687","10:12:20","0.22477687","0.22477687","0","0.22477687","0"
"2023-09-21","MiningDutch","UFO","UselessGuru","0","00:01:18","0.20887727","10:12:20","0.20887727","0.20887727","0","0.20887727","0"
"2023-09-21","MiningDutch","VHH","UselessGuru","0","00:01:18","6317.71316063","10:12:20","6317.71316063","6317.71316063","0","6317.71316063","0"
"2023-09-21","MiningDutch","VTC","UselessGuru","0","00:01:18","0.08558942","10:12:20","0.08558942","0.08558942","0","0.08558942","0"
"2023-09-21","MiningDutch","YTN","UselessGuru","0","00:01:18","0.47039829","10:12:20","0.47039829","0.47039829","0","0.47039829","0"
"2023-09-21","MiningDutch","ZCL","UselessGuru","0","00:01:18","0.02185477","10:12:20","0.02185477","0.02185477","0","0.02185477","0"
"2023-09-21","NiceHash External","BTC","1GPSq8txFnyrYdXL8t6S94mYdF8cGqVQJF","0","00:01:18","0.00057724","10:12:20","0.00057724","0.00057684","4E-07","0.00057724","0"
"2023-09-21","NiceHash Internal","BTC","33hZYX8iFg5zm9E3geqrNgeP6TMzszZk5R","0","00:01:18","0.00730754","10:12:20","0.00730754","0.00730754","0","0.00730754","0"
"2023-09-21","ProHashing","ETH","UselessGuru","0","00:01:18","1.1156107741411671E-05","10:12:20","1.1156107741411671E-05","1.1156107741411671E-05","0","1.1156107741411671E-05","0"
"2023-09-21","ProHashing","RTM","UselessGuru","0","00:01:18","0.0048188439854162","10:12:20","0.0048188439854162","0.0048188439854162","0","0.0048188439854162","0"
"2023-09-21","ProHashing","XMR","UselessGuru","0","00:01:18","2.563445299E-07","10:12:20","2.563445299E-07","2.563445299E-07","0","2.563445299E-07","0"
"2023-09-21","ZergPool","BTC","1GPSq8txFnyrYdXL8t6S94mYdF8cGqVQJF","0","00:01:18","0.00062182","10:12:20","0.00062182","0.00062181","0","0.00062181","0"
"2023-09-21","Zpool","BTC","1GPSq8txFnyrYdXL8t6S94mYdF8cGqVQJF","0","00:01:18","2.796E-05","10:12:20","2.796E-05","2.796E-05","0","2.796E-05","0"
"2023-09-22","NiceHash External","BTC","1GPSq8txFnyrYdXL8t6S94mYdF8cGqVQJF","0","15:13:24","0.00057724","15:23:25","0.00057724","0.00057684","4E-07","0.00057724","0"
"2023-09-22","NiceHash Internal","BTC","33hZYX8iFg5zm9E3geqrNgeP6TMzszZk5R","0","15:13:24","0.00730754","15:23:25","0.00730754","0.00730754","0","0.00730754","0"
"2023-09-22","ProHashing","ETH","UselessGuru","0","15:13:24","1.1156107741411671E-05","15:23:25","1.1156107741411671E-05","1.1156107741411671E-05","0","1.1156107741411671E-05","0"
"2023-09-22","ProHashing","RTM","UselessGuru","0","15:13:24","0.0048188439854162","15:23:25","0.0048188439854162","0.0048188439854162","0","0.0048188439854162","0"
"2023-09-22","ProHashing","XMR","UselessGuru","0","15:13:24","2.563445299E-07","15:23:25","2.563445299E-07","2.563445299E-07","0","2.563445299E-07","0"
"2023-09-22","ZergPool","BTC","1GPSq8txFnyrYdXL8t6S94mYdF8cGqVQJF","0","15:13:24","0.00062182","15:23:25","0.00062189","0.00062188","0","0.00062188","0"
"2023-09-22","Zpool","BTC","1GPSq8txFnyrYdXL8t6S94mYdF8cGqVQJF","0","15:13:24","2.796E-05","15:23:25","2.796E-05","2.796E-05","0","2.796E-05","0"
"2023-09-22","HashCryptos","BTC","1GPSq8txFnyrYdXL8t6S94mYdF8cGqVQJF","0","15:23:25","1.97E-06","15:23:25","1.97E-06","1.67E-06","2E-07","1.87E-06","0"
"2023-09-22","HiveON","ETC","7cf99ec9029a98afd385f106a93977d8105fec0f","0","15:23:25","0.015402569","15:23:25","0.015402569","0.015402569","0","0.015402569","0"
"2023-09-22","MiningDutch","AEON","UselessGuru","0","15:23:25","0.00170007","15:23:25","0.00170007","0.00170007","0","0.00170007","0"
"2023-09-22","MiningDutch","BELL","UselessGuru","0","15:23:25","0.43648422","15:23:25","0.43648422","0.40296646","0","0.40296646","0"
"2023-09-22","MiningDutch","BTC","UselessGuru","0","15:23:25","4.726E-05","15:23:25","4.726E-05","3.673E-05","0","3.673E-05","0"
"2023-09-22","MiningDutch","CCC","UselessGuru","0","15:23:25","4.313485","15:23:25","4.313485","4.313485","0","4.313485","0"
"2023-09-22","MiningDutch","CLORE","UselessGuru","0","15:23:25","0.01281439","15:23:25","0.01281439","0.01281439","0","0.01281439","0"
"2023-09-22","MiningDutch","DMS","UselessGuru","0","15:23:25","0.09630923","15:23:25","0.09630923","0.08894969","0","0.08894969","0"
"2023-09-22","MiningDutch","FTC","UselessGuru","0","15:23:25","0.84452926","15:23:25","0.84452926","0.84452926","0","0.84452926","0"
"2023-09-22","MiningDutch","GUN","UselessGuru","0","15:23:25","10.8156864","15:23:25","10.8156864","10.8156864","0","10.8156864","0"
"2023-09-22","MiningDutch","IQ","UselessGuru","0","15:23:25","2.58782551","15:23:25","2.58782551","2.58782551","0","2.58782551","0"
"2023-09-22","MiningDutch","NEOX","UselessGuru","0","15:23:25","0.57254822","15:23:25","0.57254822","0.57254822","0","0.57254822","0"
"2023-09-22","MiningDutch","NYX","UselessGuru","0","15:23:25","0.09979641","15:23:25","0.09979641","0.09979641","0","0.09979641","0"
"2023-09-22","MiningDutch","PAPRY","UselessGuru","0","15:23:25","0.22477687","15:23:25","0.22477687","0.22477687","0","0.22477687","0"
"2023-09-22","MiningDutch","UFO","UselessGuru","0","15:23:25","0.20887727","15:23:25","0.20887727","0.20887727","0","0.20887727","0"
"2023-09-22","MiningDutch","VHH","UselessGuru","0","15:23:25","6317.71316063","15:23:25","6317.71316063","6317.71316063","0","6317.71316063","0"
"2023-09-22","MiningDutch","VTC","UselessGuru","0","15:23:25","0.08558942","15:23:25","0.08558942","0.08558942","0","0.08558942","0"
"2023-09-22","MiningDutch","YTN","UselessGuru","0","15:23:25","0.47039829","15:23:25","0.47039829","0.47039829","0","0.47039829","0"
"2023-09-22","MiningDutch","ZCL","UselessGuru","0","15:23:25","0.02185477","15:23:25","0.02185477","0.02185477","0","0.02185477","0"
"2023-09-23","HashCryptos","BTC","1GPSq8txFnyrYdXL8t6S94mYdF8cGqVQJF","0","09:13:58","1.97E-06","23:52:53","1.98E-06","1.67E-06","2.1E-07","1.88E-06","0"
"2023-09-23","HiveON","ETC","7cf99ec9029a98afd385f106a93977d8105fec0f","0","09:13:58","0.015402569","23:52:53","0.015402569","0.015402569","0","0.015402569","0"
"2023-09-23","MiningDutch","AEON","UselessGuru","0","09:13:58","0.00170007","23:52:53","0.00170007","0.00170007","0","0.00170007","0"
"2023-09-23","MiningDutch","BELL","UselessGuru","0","09:13:58","0.43648422","23:52:53","0.43648422","0.26841678","0","0.26841678","0"
"2023-09-23","MiningDutch","BTC","UselessGuru","0","09:13:58","4.726E-05","23:52:53","4.726E-05","3.673E-05","0","3.673E-05","0"
"2023-09-23","MiningDutch","CCC","UselessGuru","0","09:13:58","4.313485","23:52:53","4.313485","4.313485","0","4.313485","0"
"2023-09-23","MiningDutch","CLORE","UselessGuru","0","09:13:58","0.01281439","23:52:53","0.01281439","0.01281439","0","0.01281439","0"
"2023-09-23","MiningDutch","DMS","UselessGuru","0","09:13:58","0.09630923","23:52:53","0.09630923","0.08894969","0","0.08894969","0"
"2023-09-23","MiningDutch","FTC","UselessGuru","0","09:13:58","0.84452926","23:52:53","0.84452926","0.84452926","0","0.84452926","0"
"2023-09-23","MiningDutch","GUN","UselessGuru","0","09:13:58","10.8156864","23:52:53","10.8156864","10.8156864","0","10.8156864","0"
"2023-09-23","MiningDutch","IQ","UselessGuru","0","09:13:58","2.58782551","23:52:53","2.58782551","2.58782551","0","2.58782551","0"
"2023-09-23","MiningDutch","NEOX","UselessGuru","0","09:13:58","0.57254822","23:52:53","0.57254822","0.57254822","0","0.57254822","0"
"2023-09-23","MiningDutch","NYX","UselessGuru","0","09:13:58","0.09979641","23:52:53","0.09979641","0.09979641","0","0.09979641","0"
"2023-09-23","MiningDutch","PAPRY","UselessGuru","0","09:13:58","0.22477687","23:52:53","0.22477687","0.22477687","0","0.22477687","0"
"2023-09-23","MiningDutch","UFO","UselessGuru","0","09:13:58","0.20887727","23:52:53","0.20887727","0.20887727","0","0.20887727","0"
"2023-09-23","MiningDutch","VHH","UselessGuru","0","09:13:58","6317.71316063","23:52:53","6317.71316063","6317.71316063","0","6317.71316063","0"
"2023-09-23","MiningDutch","VTC","UselessGuru","0","09:13:58","0.08558942","23:52:53","0.08558942","0.08558942","0","0.08558942","0"
"2023-09-23","MiningDutch","YTN","UselessGuru","0","09:13:58","0.47039829","23:52:53","0.47039829","0.47039829","0","0.47039829","0"
"2023-09-23","MiningDutch","ZCL","UselessGuru","0","09:13:58","0.02185477","23:52:53","0.02185477","0.02185477","0","0.02185477","0"
"2023-09-23","NiceHash External","BTC","1GPSq8txFnyrYdXL8t6S94mYdF8cGqVQJF","0","09:13:58","0.00057724","23:52:53","0.00057724","0.00057684","4E-07","0.00057724","0"
"2023-09-23","NiceHash Internal","BTC","33hZYX8iFg5zm9E3geqrNgeP6TMzszZk5R","0","09:13:58","0.00730754","23:52:53","0.00730754","0.00730754","0","0.00730754","0"
"2023-09-23","ProHashing","ETH","UselessGuru","0","09:13:58","1.1156107741411671E-05","23:52:53","1.1159492559518506E-05","1.1159492559518506E-05","0","1.1159492559518506E-05","0"
"2023-09-23","ProHashing","RTM","UselessGuru","0","09:13:58","0.0048188439854162","23:52:53","0.0048188439854162","0.0048188439854162","0","0.0048188439854162","0"
"2023-09-23","ProHashing","XMR","UselessGuru","0","09:13:58","2.563445299E-07","23:52:53","2.563445299E-07","2.563445299E-07","0","2.563445299E-07","0"
"2023-09-23","ZergPool","BTC","1GPSq8txFnyrYdXL8t6S94mYdF8cGqVQJF","0","09:13:58","0.00062189","23:52:53","0.0006219000000000001","0.00062189","8.1573014205881E-09","0.00062189","0"
"2023-09-23","Zpool","BTC","1GPSq8txFnyrYdXL8t6S94mYdF8cGqVQJF","0","09:13:58","2.796E-05","23:52:53","2.797E-05","2.797E-05","2.1462814951895E-09","2.797E-05","0"
"2023-09-24","HashCryptos","BTC","1GPSq8txFnyrYdXL8t6S94mYdF8cGqVQJF","9.999999999999904E-09","08:21:04","1.98E-06","22:56:46","1.99E-06","1.67E-06","2.1E-07","1.89E-06","0"
"2023-09-24","HiveON","ETC","7cf99ec9029a98afd385f106a93977d8105fec0f","0","08:21:04","0.015402569","22:56:46","0.015402569","0.015402569","0","0.015402569","0"
"2023-09-24","MiningDutch","AEON","UselessGuru","0","08:21:04","0.00170007","22:56:46","0.00170007","0.00170007","0","0.00170007","0"
"2023-09-24","MiningDutch","BELL","UselessGuru","0","08:21:04","0.43648422","22:56:46","0.43648422","0.26841678","0","0.26841678","0"
"2023-09-24","MiningDutch","BTC","UselessGuru","0","08:21:04","4.726E-05","22:56:46","4.726E-05","3.673E-05","0","3.673E-05","0"
"2023-09-24","MiningDutch","CCC","UselessGuru","0","08:21:04","4.313485","22:56:46","4.313485","4.313485","0","4.313485","0"
"2023-09-24","MiningDutch","CLORE","UselessGuru","0","08:21:04","0.01281439","22:56:46","0.01281439","0.01281439","0","0.01281439","0"
"2023-09-24","MiningDutch","DMS","UselessGuru","0","08:21:04","0.09630923","22:56:46","0.09630923","0.08894969","0","0.08894969","0"
"2023-09-24","MiningDutch","FTC","UselessGuru","0","08:21:04","0.84452926","22:56:46","0.84452926","0.84452926","0","0.84452926","0"
"2023-09-24","MiningDutch","GUN","UselessGuru","0","08:21:04","10.8156864","22:56:46","10.8156864","10.8156864","0","10.8156864","0"
"2023-09-24","MiningDutch","IQ","UselessGuru","0","08:21:04","2.58782551","22:56:46","2.58782551","2.58782551","0","2.58782551","0"
"2023-09-24","MiningDutch","NEOX","UselessGuru","0","08:21:04","0.57254822","22:56:46","0.57254822","0.57254822","0","0.57254822","0"
"2023-09-24","MiningDutch","NYX","UselessGuru","0","08:21:04","0.09979641","22:56:46","0.09979641","0.09979641","0","0.09979641","0"
"2023-09-24","MiningDutch","PAPRY","UselessGuru","0","08:21:04","0.22477687","22:56:46","0.22477687","0.22477687","0","0.22477687","0"
"2023-09-24","MiningDutch","UFO","UselessGuru","0","08:21:04","0.20887727","22:56:46","0.20887727","0.20887727","0","0.20887727","0"
"2023-09-24","MiningDutch","VHH","UselessGuru","0","08:21:04","6317.71316063","22:56:46","6317.71316063","6317.71316063","0","6317.71316063","0"
"2023-09-24","MiningDutch","VTC","UselessGuru","0","08:21:04","0.08558942","22:56:46","0.08558942","0.08558942","0","0.08558942","0"
"2023-09-24","MiningDutch","YTN","UselessGuru","0","08:21:04","0.47039829","22:56:46","0.47039829","0.47039829","0","0.47039829","0"
"2023-09-24","MiningDutch","ZCL","UselessGuru","0","08:21:04","0.02185477","22:56:46","0.02185477","0.02185477","0","0.02185477","0"
"2023-09-24","NiceHash External","BTC","1GPSq8txFnyrYdXL8t6S94mYdF8cGqVQJF","0","08:21:04","0.00057724","22:56:46","0.00057724","0.00057684","4E-07","0.00057724","0"
"2023-09-24","NiceHash Internal","BTC","33hZYX8iFg5zm9E3geqrNgeP6TMzszZk5R","0","08:21:04","0.00730754","22:56:46","0.00730754","0.00730754","0","0.00730754","0"
"2023-09-24","ProHashing","ETH","UselessGuru","4.732212975959508E-09","08:21:04","1.1159492559518506E-05","22:56:46","1.1164224772494466E-05","1.1164224772494466E-05","0","1.1159492559518506E-05","0"
"2023-09-24","ProHashing","RTM","UselessGuru","0","08:21:04","0.0048188439854162","22:56:46","0.0048188439854162","0.0048188439854162","0","0.0048188439854162","0"
"2023-09-24","ProHashing","XMR","UselessGuru","0","08:21:04","2.563445299E-07","22:56:46","2.563445299E-07","2.563445299E-07","0","2.563445299E-07","0"
"2023-09-24","ZergPool","BTC","1GPSq8txFnyrYdXL8t6S94mYdF8cGqVQJF","0","08:21:04","0.0006219000000000001","22:56:46","0.0006219000000000001","0.00062189","2.8940418181835E-10","0.00062189","0"
"2023-09-24","Zpool","BTC","1GPSq8txFnyrYdXL8t6S94mYdF8cGqVQJF","0","08:21:04","2.797E-05","22:56:46","2.797E-05","2.797E-05","0","2.797E-05","0"
"2023-09-25","HashCryptos","BTC","1GPSq8txFnyrYdXL8t6S94mYdF8cGqVQJF","0","08:16:14","1.99E-06","23:51:16","1.99E-06","1.67E-06","2.1E-07","1.88E-06","0"
"2023-09-25","HiveON","ETC","7cf99ec9029a98afd385f106a93977d8105fec0f","0","08:16:14","0.015402569","23:51:16","0.015402569","0.015402569","0","0.015402569","0"
"2023-09-25","MiningDutch","AEON","UselessGuru","0","08:16:14","0.00170007","23:51:16","0.00170007","0.00170007","0","0.00170007","0"
"2023-09-25","MiningDutch","BELL","UselessGuru","0","08:16:14","0.43648422","23:51:16","0.43648422","0.26841678","0","0.26841678","0"
"2023-09-25","MiningDutch","BTC","UselessGuru","0","08:16:14","4.726E-05","23:51:16","4.726E-05","3.673E-05","0","3.673E-05","0"
"2023-09-25","MiningDutch","CCC","UselessGuru","0","08:16:14","4.313485","23:51:16","4.313485","4.313485","0","4.313485","0"
"2023-09-25","MiningDutch","CLORE","UselessGuru","0","08:16:14","0.01281439","23:51:16","0.01281439","0.01281439","0","0.01281439","0"
"2023-09-25","MiningDutch","DMS","UselessGuru","0","08:16:14","0.09630923","23:51:16","0.09630923","0.08894969","0","0.08894969","0"
"2023-09-25","MiningDutch","FTC","UselessGuru","0","08:16:14","0.84452926","23:51:16","0.84452926","0.84452926","0","0.84452926","0"
"2023-09-25","MiningDutch","GUN","UselessGuru","0","08:16:14","10.8156864","23:51:16","10.8156864","10.8156864","0","10.8156864","0"
"2023-09-25","MiningDutch","IQ","UselessGuru","0","08:16:14","2.58782551","23:51:16","2.58782551","2.58782551","0","2.58782551","0"
"2023-09-25","MiningDutch","NEOX","UselessGuru","0","08:16:14","0.57254822","23:51:16","0.57254822","0.57254822","0","0.57254822","0"
"2023-09-25","MiningDutch","NYX","UselessGuru","0","08:16:14","0.09979641","23:51:16","0.09979641","0.09979641","0","0.09979641","0"
"2023-09-25","MiningDutch","PAPRY","UselessGuru","0","08:16:14","0.22477687","23:51:16","0.22477687","0.22477687","0","0.22477687","0"
"2023-09-25","MiningDutch","UFO","UselessGuru","0","08:16:14","0.20887727","23:51:16","0.20887727","0.20887727","0","0.20887727","0"
"2023-09-25","MiningDutch","VHH","UselessGuru","0","08:16:14","6317.71316063","23:51:16","6317.71316063","6317.71316063","0","6317.71316063","0"
"2023-09-25","MiningDutch","VTC","UselessGuru","0","08:16:14","0.08558942","23:51:16","0.08558942","0.08558942","0","0.08558942","0"
"2023-09-25","MiningDutch","YTN","UselessGuru","0","08:16:14","0.47039829","23:51:16","0.47039829","0.47039829","0","0.47039829","0"
"2023-09-25","MiningDutch","ZCL","UselessGuru","0","08:16:14","0.02185477","23:51:16","0.02185477","0.02185477","0","0.02185477","0"
"2023-09-25","NiceHash External","BTC","1GPSq8txFnyrYdXL8t6S94mYdF8cGqVQJF","0","08:16:14","0.00057724","23:51:16","0.00057724","0.00057684","4E-07","0.00057724","0"
"2023-09-25","NiceHash Internal","BTC","33hZYX8iFg5zm9E3geqrNgeP6TMzszZk5R","0","08:16:14","0.00730754","23:51:16","0.00730754","0.00730754","0","0.00730754","0"
"2023-09-25","ProHashing","ETH","UselessGuru","0","08:16:14","1.1164224772494466E-05","23:51:16","1.1164224772494466E-05","1.1164224772494466E-05","0","1.1164224772494466E-05","0"
"2023-09-25","ProHashing","RTM","UselessGuru","0","08:16:14","0.0048188439854162","23:51:16","0.0048188439854162","0.0048188439854162","0","0.0048188439854162","0"
"2023-09-25","ProHashing","XMR","UselessGuru","0","08:16:14","2.563445299E-07","23:51:16","2.563445299E-07","2.563445299E-07","0","2.563445299E-07","0"
"2023-09-25","ZergPool","BTC","1GPSq8txFnyrYdXL8t6S94mYdF8cGqVQJF","0","08:16:14","0.0006219000000000001","23:51:16","0.0006219000000000001","0.00062189","1.616048822581E-09","0.00062189","0"
"2023-09-25","Zpool","BTC","1GPSq8txFnyrYdXL8t6S94mYdF8cGqVQJF","0","08:16:14","2.797E-05","23:51:16","2.797E-05","2.797E-05","0","2.797E-05","0"
"2023-09-26","HashCryptos","BTC","1GPSq8txFnyrYdXL8t6S94mYdF8cGqVQJF","9.999999999999904E-09","10:06:00","1.99E-06","23:12:41","2E-06","1.67E-06","2.1E-07","1.88E-06","0"
"2023-09-26","HiveON","ETC","7cf99ec9029a98afd385f106a93977d8105fec0f","0","10:06:00","0.015402569","23:12:41","0.015402569","0.015402569","0","0.015402569","0"
"2023-09-26","MiningDutch","AEON","UselessGuru","0","10:06:00","0.00170007","23:12:41","0.00170007","0.00170007","0","0.00170007","0"
"2023-09-26","MiningDutch","BELL","UselessGuru","0","10:06:00","0.43648422","23:12:41","0.43648422","0.26841678","0","0.26841678","0"
"2023-09-26","MiningDutch","BTC","UselessGuru","0","10:06:00","4.726E-05","23:12:41","4.726E-05","3.673E-05","0","3.673E-05","0"
"2023-09-26","MiningDutch","CCC","UselessGuru","0","10:06:00","4.313485","23:12:41","4.313485","4.313485","0","4.313485","0"
"2023-09-26","MiningDutch","CLORE","UselessGuru","0","10:06:00","0.01281439","23:12:41","0.01281439","0.01281439","0","0.01281439","0"
"2023-09-26","MiningDutch","DMS","UselessGuru","0","10:06:00","0.09630923","23:12:41","0.09630923","0.08894969","0","0.08894969","0"
"2023-09-26","MiningDutch","FTC","UselessGuru","0","10:06:00","0.84452926","23:12:41","0.84452926","0.84452926","0","0.84452926","0"
"2023-09-26","MiningDutch","GUN","UselessGuru","0","10:06:00","10.8156864","23:12:41","10.8156864","10.8156864","0","10.8156864","0"
"2023-09-26","MiningDutch","IQ","UselessGuru","0","10:06:00","2.58782551","23:12:41","2.58782551","2.58782551","0","2.58782551","0"
"2023-09-26","MiningDutch","NEOX","UselessGuru","0","10:06:00","0.57254822","23:12:41","0.57254822","0.57254822","0","0.57254822","0"
"2023-09-26","MiningDutch","NYX","UselessGuru","0","10:06:00","0.09979641","23:12:41","0.09979641","0.09979641","0","0.09979641","0"
"2023-09-26","MiningDutch","PAPRY","UselessGuru","0","10:06:00","0.22477687","23:12:41","0.22477687","0.22477687","0","0.22477687","0"
"2023-09-26","MiningDutch","UFO","UselessGuru","0","10:06:00","0.20887727","23:12:41","0.20887727","0.20887727","0","0.20887727","0"
"2023-09-26","MiningDutch","VHH","UselessGuru","0","10:06:00","6317.71316063","23:12:41","6317.71316063","6317.71316063","0","6317.71316063","0"
"2023-09-26","MiningDutch","VTC","UselessGuru","0","10:06:00","0.08558942","23:12:41","0.08558942","0.08558942","0","0.08558942","0"
"2023-09-26","MiningDutch","YTN","UselessGuru","0","10:06:00","0.47039829","23:12:41","0.47039829","0.47039829","0","0.47039829","0"
"2023-09-26","MiningDutch","ZCL","UselessGuru","0","10:06:00","0.02185477","23:12:41","0.02185477","0.02185477","0","0.02185477","0"
"2023-09-26","NiceHash External","BTC","1GPSq8txFnyrYdXL8t6S94mYdF8cGqVQJF","0","10:06:00","0.00057724","23:12:41","0.00057724","0.00057684","4E-07","0.00057724","0"
"2023-09-26","NiceHash Internal","BTC","33hZYX8iFg5zm9E3geqrNgeP6TMzszZk5R","0","10:06:00","0.00730754","23:12:41","0.00730754","0.00730754","0","0.00730754","0"
"2023-09-26","ProHashing","ETH","UselessGuru","0","10:06:00","1.1164224772494466E-05","23:12:41","1.1164224772494466E-05","1.1164224772494466E-05","0","1.1164224772494466E-05","0"
"2023-09-26","ProHashing","RTM","UselessGuru","0","10:06:00","0.0048188439854162","23:12:41","0.0048188439854162","0.0048188439854162","0","0.0048188439854162","0"
"2023-09-26","ProHashing","XMR","UselessGuru","0","10:06:00","2.563445299E-07","23:12:41","2.563445299E-07","2.563445299E-07","0","2.563445299E-07","0"
"2023-09-26","ZergPool","BTC","1GPSq8txFnyrYdXL8t6S94mYdF8cGqVQJF","9.999999999940612E-09","10:06:00","0.0006219000000000001","23:12:41","0.00062191","0.00062189","2.840230261585E-10","0.0006219","0"
"2023-09-26","Zpool","BTC","1GPSq8txFnyrYdXL8t6S94mYdF8cGqVQJF","0","10:06:00","2.797E-05","23:12:41","2.798E-05","2.798E-05","1.7097819576606E-09","2.798E-05","0"
"2023-09-30","HashCryptos","BTC","1GPSq8txFnyrYdXL8t6S94mYdF8cGqVQJF","2.0000000000000232E-08","16:30:39","2E-06","23:55:47","2.02E-06","1.67E-06","2.1E-07","1.9E-06","0"
"2023-09-30","Hiveon","ETC","7cf99ec9029a98afd385f106a93977d8105fec0f","0","16:30:39","0.015402569","23:55:47","0.015402569","0.015402569","0","0.015402569","0"
"2023-09-30","MiningDutch","AEON","UselessGuru","0","16:30:39","0.00170007","23:55:47","0.00170007","0.00170007","0","0.00170007","0"
"2023-09-30","MiningDutch","BELL","UselessGuru","0","16:30:39","0.43648422","23:55:47","0.45357484","0.2855074","0","0.2855074","0"
"2023-09-30","MiningDutch","BTC","UselessGuru","0","16:30:39","4.726E-05","23:55:47","4.726E-05","3.647E-05","0","3.647E-05","0"
"2023-09-30","MiningDutch","CCC","UselessGuru","0","16:30:39","4.313485","23:55:47","4.313485","4.313485","0","4.313485","0"
"2023-09-30","MiningDutch","CLORE","UselessGuru","0","16:30:39","0.01281439","23:55:47","0.01281439","0.01281439","0","0.01281439","0"
"2023-09-30","MiningDutch","DMS","UselessGuru","0","16:30:39","0.09630923","23:55:47","0.09630923","0.08894969","0","0.08894969","0"
"2023-09-30","MiningDutch","FTC","UselessGuru","0","16:30:39","0.84452926","23:55:47","0.84452926","0.84452926","0","0.84452926","0"
"2023-09-30","MiningDutch","GUN","UselessGuru","0","16:30:39","10.8156864","23:55:47","10.8156864","10.8156864","0","10.8156864","0"
"2023-09-30","MiningDutch","IQ","UselessGuru","0","16:30:39","2.58782551","23:55:47","2.58782551","2.58782551","0","2.58782551","0"
"2023-09-30","MiningDutch","NEOX","UselessGuru","0","16:30:39","0.57254822","23:55:47","0.57254822","0.57254822","0","0.57254822","0"
"2023-09-30","MiningDutch","NYX","UselessGuru","0","16:30:39","0.09979641","23:55:47","0.09979641","0.09979641","0","0.09979641","0"
"2023-09-30","MiningDutch","PAPRY","UselessGuru","0","16:30:39","0.22477687","23:55:47","0.22477687","0.22477687","0","0.22477687","0"
"2023-09-30","MiningDutch","UFO","UselessGuru","0","16:30:39","0.20887727","23:55:47","0.20887727","0.20887727","0","0.20887727","0"
"2023-09-30","MiningDutch","VHH","UselessGuru","0","16:30:39","6317.71316063","23:55:47","6317.71316063","6317.71316063","0","6317.71316063","0"
"2023-09-30","MiningDutch","VTC","UselessGuru","0","16:30:39","0.08558942","23:55:47","0.08736927","0.08736927","0","0.08736927","0"
"2023-09-30","MiningDutch","YTN","UselessGuru","0","16:30:39","0.47039829","23:55:47","0.53692415","0.53692415","0","0.53692415","0"
"2023-09-30","MiningDutch","ZCL","UselessGuru","0","16:30:39","0.02185477","23:55:47","0.02185477","0.02185477","0","0.02185477","0"
"2023-09-30","NiceHash External","BTC","1GPSq8txFnyrYdXL8t6S94mYdF8cGqVQJF","0","16:30:39","0.00057724","23:55:47","0.00057724","0.00057684","4E-07","0.00057724","0"
"2023-09-30","NiceHash Internal","BTC","33hZYX8iFg5zm9E3geqrNgeP6TMzszZk5R","0","16:30:39","0.00730754","23:55:47","0.00730754","0.00730754","0","0.00730754","0"
"2023-09-30","ProHashing","ETH","UselessGuru","1.0292576681895446E-06","16:30:39","1.1164224772494466E-05","23:55:47","1.219348244068401E-05","1.219348244068401E-05","0","1.1164224772494466E-05","0"
"2023-09-30","ProHashing","RTM","UselessGuru","0","16:30:39","0.0048188439854162","23:55:47","0.0048188439854162","0.0048188439854162","0","0.0048188439854162","0"
"2023-09-30","ProHashing","XMR","UselessGuru","0","16:30:39","2.563445299E-07","23:55:47","2.563445299E-07","2.563445299E-07","0","2.563445299E-07","0"
"2023-09-30","ZergPool","BTC","1GPSq8txFnyrYdXL8t6S94mYdF8cGqVQJF","2.199999999999945E-07","16:30:39","0.00062191","23:55:47","0.00062217","0.00062194","2.5827392835348E-10","0.00062216","0"
"2023-09-30","Zpool","BTC","1GPSq8txFnyrYdXL8t6S94mYdF8cGqVQJF","3.999999999999962E-08","16:30:39","2.798E-05","23:55:47","2.803E-05","2.801E-05","1.5129345454111E-10","2.803E-05","0"
"2023-10-01","HashCryptos","BTC","1GPSq8txFnyrYdXL8t6S94mYdF8cGqVQJF","1.999999999999981E-08","00:05:50","2.02E-06","23:50:23","2.04E-06","1.67E-06","2.3E-07","1.89E-06","0"
"2023-10-01","Hiveon","ETC","7cf99ec9029a98afd385f106a93977d8105fec0f","0","00:05:50","0.015402569","23:50:23","0.015402569","0.015402569","0","0.015402569","0"
"2023-10-01","MiningDutch","AEON","UselessGuru","0","00:05:50","0.00170007","23:50:23","0.00170007","0.00170007","0","0.00170007","0"
"2023-10-01","MiningDutch","BELL","UselessGuru","0","00:05:50","0.45357484","23:50:23","0.45357484","0.2855074","0","0.2855074","0"
"2023-10-01","MiningDutch","BTC","UselessGuru","0","00:05:50","4.726E-05","23:50:23","4.726E-05","3.647E-05","0","3.647E-05","0"
"2023-10-01","MiningDutch","CCC","UselessGuru","0","00:05:50","4.313485","23:50:23","4.313485","4.313485","0","4.313485","0"
"2023-10-01","MiningDutch","CLORE","UselessGuru","0","00:05:50","0.01281439","23:50:23","0.01281439","0.01281439","0","0.01281439","0"
"2023-10-01","MiningDutch","DMS","UselessGuru","0","00:05:50","0.09630923","23:50:23","0.09630923","0.08894969","0","0.08894969","0"
"2023-10-01","MiningDutch","FTC","UselessGuru","0","00:05:50","0.84452926","23:50:23","0.84452926","0.84452926","0","0.84452926","0"
"2023-10-01","MiningDutch","GUN","UselessGuru","0","00:05:50","10.8156864","23:50:23","10.8156864","10.8156864","0","10.8156864","0"
"2023-10-01","MiningDutch","IQ","UselessGuru","0","00:05:50","2.58782551","23:50:23","2.58782551","2.58782551","0","2.58782551","0"
"2023-10-01","MiningDutch","NEOX","UselessGuru","0","00:05:50","0.57254822","23:50:23","0.57254822","0.57254822","0","0.57254822","0"
"2023-10-01","MiningDutch","NYX","UselessGuru","0","00:05:50","0.09979641","23:50:23","0.09979641","0.09979641","0","0.09979641","0"
"2023-10-01","MiningDutch","PAPRY","UselessGuru","0","00:05:50","0.22477687","23:50:23","0.22477687","0.22477687","0","0.22477687","0"
"2023-10-01","MiningDutch","UFO","UselessGuru","0","00:05:50","0.20887727","23:50:23","0.20887727","0.20887727","0","0.20887727","0"
"2023-10-01","MiningDutch","VHH","UselessGuru","0","00:05:50","6317.71316063","23:50:23","6317.71316063","6317.71316063","0","6317.71316063","0"
"2023-10-01","MiningDutch","VTC","UselessGuru","0","00:05:50","0.08736927","23:50:23","0.08736927","0.08736927","0","0.08736927","0"
"2023-10-01","MiningDutch","YTN","UselessGuru","0","00:05:50","0.53692415","23:50:23","0.53692415","0.53692415","0","0.53692415","0"
"2023-10-01","MiningDutch","ZCL","UselessGuru","0","00:05:50","0.02185477","23:50:23","0.02185477","0.02185477","0","0.02185477","0"
"2023-10-01","NiceHash External","BTC","1GPSq8txFnyrYdXL8t6S94mYdF8cGqVQJF","0","00:05:50","0.00057724","23:50:23","0.00057724","0.00057684","4E-07","0.00057724","0"
"2023-10-01","NiceHash Internal","BTC","33hZYX8iFg5zm9E3geqrNgeP6TMzszZk5R","0","00:05:50","0.00730754","23:50:23","0.00730754","0.00730754","0","0.00730754","0"
"2023-10-01","ProHashing","ETH","UselessGuru","4.801445220025354E-08","00:05:50","1.219348244068401E-05","23:50:23","1.2241496892884264E-05","1.2241496892884264E-05","0","1.219348244068401E-05","0"
"2023-10-01","ProHashing","RTM","UselessGuru","0","00:05:50","0.0048188439854162","23:50:23","0.0048188439854162","0.0048188439854162","0","0.0048188439854162","0"
"2023-10-01","ProHashing","XMR","UselessGuru","0","00:05:50","2.563445299E-07","23:50:23","2.563445299E-07","2.563445299E-07","0","2.563445299E-07","0"
"2023-10-01","ZergPool","BTC","1GPSq8txFnyrYdXL8t6S94mYdF8cGqVQJF","4.99999999999199E-08","00:05:50","0.00062217","23:50:23","0.0006222199999999999","0.00062216","2.1628796201286E-07","0.00062217","0"
"2023-10-01","Zpool","BTC","1GPSq8txFnyrYdXL8t6S94mYdF8cGqVQJF","2.0000000000003197E-08","00:05:50","2.803E-05","23:50:23","2.8060000000000002E-05","2.804E-05","1.8420885850675E-08","2.805E-05","0"
"2023-10-02","HashCryptos","BTC","1GPSq8txFnyrYdXL8t6S94mYdF8cGqVQJF","5.999999999999985E-08","00:00:26","2.04E-06","23:57:06","2.1099999999999997E-06","1.67E-06","2.2E-07","1.94E-06","0"
"2023-10-02","Hiveon","ETC","7cf99ec9029a98afd385f106a93977d8105fec0f","0","00:00:26","0.015402569","23:57:06","0.015402569","0.015402569","0","0.015402569","0"
"2023-10-02","MiningDutch","AEON","UselessGuru","0","00:00:26","0.00170007","23:57:06","0.00170007","0.00170007","0","0.00170007","0"
"2023-10-02","MiningDutch","BELL","UselessGuru","0","00:00:26","0.45357484","23:57:06","0.45357484","0.2855074","0","0.2855074","0"
"2023-10-02","MiningDutch","BTC","UselessGuru","0","00:00:26","4.726E-05","23:57:06","4.726E-05","3.62E-05","0","3.62E-05","0"
"2023-10-02","MiningDutch","CCC","UselessGuru","0","00:00:26","4.313485","23:57:06","4.313485","4.313485","0","4.313485","0"
"2023-10-02","MiningDutch","CLORE","UselessGuru","0","00:00:26","0.01281439","23:57:06","0.01281439","0.01281439","0","0.01281439","0"
"2023-10-02","MiningDutch","DMS","UselessGuru","0","00:00:26","0.09630923","23:57:06","0.09630923","0.08894969","0","0.08894969","0"
"2023-10-02","MiningDutch","FTC","UselessGuru","0","00:00:26","0.84452926","23:57:06","0.84452926","0.84452926","0","0.84452926","0"
"2023-10-02","MiningDutch","GUN","UselessGuru","0","00:00:26","10.8156864","23:57:06","10.8156864","10.8156864","0","10.8156864","0"
"2023-10-02","MiningDutch","IQ","UselessGuru","0","00:00:26","2.58782551","23:57:06","2.58782551","2.58782551","0","2.58782551","0"
"2023-10-02","MiningDutch","NEOX","UselessGuru","0","00:00:26","0.57254822","23:57:06","0.57254822","0.57254822","0","0.57254822","0"
"2023-10-02","MiningDutch","NYX","UselessGuru","0","00:00:26","0.09979641","23:57:06","0.09979641","0.09979641","0","0.09979641","0"
"2023-10-02","MiningDutch","PAPRY","UselessGuru","0","00:00:26","0.22477687","23:57:06","0.22477687","0.22477687","0","0.22477687","0"
"2023-10-02","MiningDutch","UFO","UselessGuru","0","00:00:26","0.20887727","23:57:06","0.20887727","0.20887727","0","0.20887727","0"
"2023-10-02","MiningDutch","VHH","UselessGuru","0","00:00:26","6317.71316063","23:57:06","6317.71316063","6317.71316063","0","6317.71316063","0"
"2023-10-02","MiningDutch","VTC","UselessGuru","0.007811079999999998","00:00:26","0.08736927","23:57:06","0.09518035","0.09518035","0","0.09518035","0"
"2023-10-02","MiningDutch","YTN","UselessGuru","0","00:00:26","0.53692415","23:57:06","0.53692415","0.53692415","0","0.53692415","0"
"2023-10-02","MiningDutch","ZCL","UselessGuru","0","00:00:26","0.02185477","23:57:06","0.02185477","0.02185477","0","0.02185477","0"
"2023-10-02","NiceHash External","BTC","1GPSq8txFnyrYdXL8t6S94mYdF8cGqVQJF","0","00:00:26","0.00057724","23:57:06","0.00057724","0.00057684","4E-07","0.00057724","0"
"2023-10-02","NiceHash Internal","BTC","33hZYX8iFg5zm9E3geqrNgeP6TMzszZk5R","0","00:00:26","0.00730754","23:57:06","0.00730754","0.00730754","0","0.00730754","0"
"2023-10-02","ProHashing","ETH","UselessGuru","6.276243150797886E-06","00:00:26","1.2241496892884264E-05","23:57:06","1.851774004368215E-05","1.851774004368215E-05","0","1.2241496892884264E-05","0"
"2023-10-02","ProHashing","RTM","UselessGuru","0","00:00:26","0.0048188439854162","23:57:06","0.0048188439854162","0.0048188439854162","0","0.0048188439854162","0"
"2023-10-02","ProHashing","XMR","UselessGuru","0","00:00:26","2.563445299E-07","23:57:06","2.563445299E-07","2.563445299E-07","0","2.563445299E-07","0"
"2023-10-02","ZergPool","BTC","1GPSq8txFnyrYdXL8t6S94mYdF8cGqVQJF","1.4999999999997654E-07","00:00:26","0.0006222199999999999","23:57:06","0.0006223699999999999","0.00062217","8.7169015050737E-09","0.00062232","0"
"2023-10-02","Zpool","BTC","1GPSq8txFnyrYdXL8t6S94mYdF8cGqVQJF","9.999999999999904E-08","00:00:26","2.8060000000000002E-05","23:57:06","2.816E-05","2.809E-05","7.9978835754347E-09","2.815E-05","0"
"2023-10-03","HashCryptos","BTC","1GPSq8txFnyrYdXL8t6S94mYdF8cGqVQJF","0","00:07:08","2.1099999999999997E-06","23:54:37","2.1099999999999997E-06","1.67E-06","2.7E-07","1.93E-06","0"
"2023-10-03","Hiveon","ETC","7cf99ec9029a98afd385f106a93977d8105fec0f","0","00:07:08","0.015402569","23:54:37","0.015402569","0.015402569","0","0.015402569","0"
"2023-10-03","MiningDutch","AEON","UselessGuru","0","00:07:08","0.00170007","23:54:37","0.00170007","0.00170007","0","0.00170007","0"
"2023-10-03","MiningDutch","BELL","UselessGuru","0","00:07:08","0.45357484","23:54:37","0.45357484","0.2855074","0","0.2855074","0"
"2023-10-03","MiningDutch","BTC","UselessGuru","0","00:07:08","4.726E-05","23:54:37","4.726E-05","3.62E-05","0","3.62E-05","0"
"2023-10-03","MiningDutch","CCC","UselessGuru","0","00:07:08","4.313485","23:54:37","4.313485","4.313485","0","4.313485","0"
"2023-10-03","MiningDutch","CLORE","UselessGuru","0","00:07:08","0.01281439","23:54:37","0.01281439","0.01281439","0","0.01281439","0"
"2023-10-03","MiningDutch","DMS","UselessGuru","0","00:07:08","0.09630923","23:54:37","0.09630923","0.08894969","0","0.08894969","0"
"2023-10-03","MiningDutch","FTC","UselessGuru","0","00:07:08","0.84452926","23:54:37","0.84452926","0.84452926","0","0.84452926","0"
"2023-10-03","MiningDutch","GUN","UselessGuru","0","00:07:08","10.8156864","23:54:37","10.8156864","10.8156864","0","10.8156864","0"
"2023-10-03","MiningDutch","IQ","UselessGuru","0","00:07:08","2.58782551","23:54:37","2.58782551","2.58782551","0","2.58782551","0"
"2023-10-03","MiningDutch","NEOX","UselessGuru","0","00:07:08","0.57254822","23:54:37","0.57254822","0.57254822","0","0.57254822","0"
"2023-10-03","MiningDutch","NYX","UselessGuru","0","00:07:08","0.09979641","23:54:37","0.09979641","0.09979641","0","0.09979641","0"
"2023-10-03","MiningDutch","PAPRY","UselessGuru","0","00:07:08","0.22477687","23:54:37","0.22477687","0.22477687","0","0.22477687","0"
"2023-10-03","MiningDutch","UFO","UselessGuru","0","00:07:08","0.20887727","23:54:37","0.20887727","0.20887727","0","0.20887727","0"
"2023-10-03","MiningDutch","VHH","UselessGuru","0","00:07:08","6317.71316063","23:54:37","6317.71316063","6317.71316063","0","6317.71316063","0"
"2023-10-03","MiningDutch","VTC","UselessGuru","0","00:07:08","0.09518035","23:54:37","0.09518035","0.09518035","0","0.09518035","0"
"2023-10-03","MiningDutch","YTN","UselessGuru","0","00:07:08","0.53692415","23:54:37","0.53692415","0.53692415","0","0.53692415","0"
"2023-10-03","MiningDutch","ZCL","UselessGuru","0","00:07:08","0.02185477","23:54:37","0.02185477","0.02185477","0","0.02185477","0"
"2023-10-03","NiceHash External","BTC","1GPSq8txFnyrYdXL8t6S94mYdF8cGqVQJF","0","00:07:08","0.00057724","23:54:37","0.00057724","0.00057684","4E-07","0.00057724","0"
"2023-10-03","NiceHash Internal","BTC","33hZYX8iFg5zm9E3geqrNgeP6TMzszZk5R","0","00:07:08","0.00730754","23:54:37","0.00730754","0.00730754","0","0.00730754","0"
"2023-10-03","ProHashing","ETH","UselessGuru","1.0862713441095039E-07","00:07:08","1.851774004368215E-05","23:54:37","1.86263671780931E-05","1.86263671780931E-05","0","1.851774004368215E-05","0"
"2023-10-03","ProHashing","RTM","UselessGuru","0","00:07:08","0.0048188439854162","23:54:37","0.0048188439854162","0.0048188439854162","0","0.0048188439854162","0"
"2023-10-03","ProHashing","XMR","UselessGuru","0","00:07:08","2.563445299E-07","23:54:37","2.563445299E-07","2.563445299E-07","0","2.563445299E-07","0"
"2023-10-03","ZergPool","BTC","1GPSq8txFnyrYdXL8t6S94mYdF8cGqVQJF","1.700000000000746E-07","00:07:08","0.0006223699999999999","23:54:37","0.00062254","0.00062232","1.4742142777544E-07","0.00062248","0"
"2023-10-03","Zpool","BTC","1GPSq8txFnyrYdXL8t6S94mYdF8cGqVQJF","9.999999999999904E-08","00:07:08","2.816E-05","23:54:37","2.8279999999999997E-05","2.816E-05","4.0311993743381E-08","2.825E-05","0"
"2023-10-04","HashCryptos","BTC","1GPSq8txFnyrYdXL8t6S94mYdF8cGqVQJF","2.999999999999971E-08","00:04:39","2.1099999999999997E-06","23:59:05","2.1399999999999994E-06","1.67E-06","2.6E-07","1.93E-06","0"
"2023-10-04","Hiveon","ETC","7cf99ec9029a98afd385f106a93977d8105fec0f","0","00:04:39","0.015402569","23:59:05","0.015402569","0.015402569","0","0.015402569","0"
"2023-10-04","MiningDutch","AEON","UselessGuru","0","00:04:39","0.00170007","23:59:05","0.00170007","0.00170007","0","0.00170007","0"
"2023-10-04","MiningDutch","BELL","UselessGuru","0","00:04:39","0.45357484","23:59:05","0.45357484","0.2855074","0","0.2855074","0"
"2023-10-04","MiningDutch","BTC","UselessGuru","0","00:04:39","4.726E-05","23:59:05","4.726E-05","3.62E-05","0","3.62E-05","0"
"2023-10-04","MiningDutch","CCC","UselessGuru","0","00:04:39","4.313485","23:59:05","4.313485","4.313485","0","4.313485","0"
"2023-10-04","MiningDutch","CLORE","UselessGuru","0","00:04:39","0.01281439","23:59:05","0.01281439","0.01281439","0","0.01281439","0"
"2023-10-04","MiningDutch","DMS","UselessGuru","0","00:04:39","0.09630923","23:59:05","0.09630923","0.08894969","0","0.08894969","0"
"2023-10-04","MiningDutch","FTC","UselessGuru","0","00:04:39","0.84452926","23:59:05","0.84452926","0.84452926","0","0.84452926","0"
"2023-10-04","MiningDutch","GUN","UselessGuru","0","00:04:39","10.8156864","23:59:05","10.8156864","10.8156864","0","10.8156864","0"
"2023-10-04","MiningDutch","IQ","UselessGuru","0","00:04:39","2.58782551","23:59:05","2.58782551","2.3252336","0","2.3252336","0.26259191000000026"
"2023-10-04","MiningDutch","NEOX","UselessGuru","0","00:04:39","0.57254822","23:59:05","0.57254822","0.57254822","0","0.57254822","0"
"2023-10-04","MiningDutch","NYX","UselessGuru","0","00:04:39","0.09979641","23:59:05","0.09979641","0.09979641","0","0.09979641","0"
"2023-10-04","MiningDutch","PAPRY","UselessGuru","0","00:04:39","0.22477687","23:59:05","0.22477687","0.22477687","0","0.22477687","0"
"2023-10-04","MiningDutch","UFO","UselessGuru","0","00:04:39","0.20887727","23:59:05","0.20887727","0.20887727","0","0.20887727","0"
"2023-10-04","MiningDutch","VHH","UselessGuru","0","00:04:39","6317.71316063","23:59:05","6317.71316063","6317.71316063","0","6317.71316063","0"
"2023-10-04","MiningDutch","VTC","UselessGuru","0","00:04:39","0.09518035","23:59:05","0.09518035","0.09518035","0","0.09518035","0"
"2023-10-04","MiningDutch","YTN","UselessGuru","0","00:04:39","0.53692415","23:59:05","0.53692415","0.53692415","0","0.53692415","0"
"2023-10-04","MiningDutch","ZCL","UselessGuru","0","00:04:39","0.02185477","23:59:05","0.02185477","0.02185477","0","0.02185477","0"
"2023-10-04","NiceHash External","BTC","1GPSq8txFnyrYdXL8t6S94mYdF8cGqVQJF","9.999999999940612E-09","00:04:39","0.00057724","23:59:05","0.00057725","0.00057684","4E-07","0.00057725","0"
"2023-10-04","NiceHash Internal","BTC","33hZYX8iFg5zm9E3geqrNgeP6TMzszZk5R","0","00:04:39","0.00730754","23:59:05","0.00730754","0.00730754","0","0.00730754","0"
"2023-10-04","ProHashing","ETH","UselessGuru","3.041205187350001E-06","00:04:39","1.86263671780931E-05","23:59:05","2.16675723654431E-05","2.16675723654431E-05","0","1.86263671780931E-05","0"
"2023-10-04","ProHashing","RTM","UselessGuru","0","00:04:39","0.0048188439854162","23:59:05","0.0048188439854162","0.0048188439854162","0","0.0048188439854162","0"
"2023-10-04","ProHashing","XMR","UselessGuru","0","00:04:39","2.563445299E-07","23:59:05","2.563445299E-07","2.563445299E-07","0","2.563445299E-07","0"
"2023-10-04","ZergPool","BTC","1GPSq8txFnyrYdXL8t6S94mYdF8cGqVQJF","2.5999999999986537E-07","00:04:39","0.00062254","23:59:05","0.0006229399999999999","0.00062263","1.9209316265702E-07","0.00062283","0"
"2023-10-04","Zpool","BTC","1GPSq8txFnyrYdXL8t6S94mYdF8cGqVQJF","4.0000000000003005E-08","00:04:39","2.8279999999999997E-05","23:59:05","2.834E-05","2.828E-05","9.9422363617997E-08","2.828E-05","0"
"2023-10-05","HashCryptos","BTC","1GPSq8txFnyrYdXL8t6S94mYdF8cGqVQJF","9.999999999999904E-09","00:09:08","2.1399999999999994E-06","18:04:04","2.1499999999999993E-06","1.67E-06","2.6E-07","1.93E-06","0"
"2023-10-05","Hiveon","ETC","7cf99ec9029a98afd385f106a93977d8105fec0f","0","00:09:08","0.015402569","18:04:04","0.015402569","0.015402569","0","0.015402569","0"
"2023-10-05","MiningDutch","AEON","UselessGuru","0","00:09:08","0.00170007","18:04:04","0.00170007","0.00170007","0","0.00170007","0"
"2023-10-05","MiningDutch","BELL","UselessGuru","0","00:09:08","0.45357484","18:04:04","0.45357484","0.2855074","0","0.2855074","0"
"2023-10-05","MiningDutch","BTC","UselessGuru","0","00:09:08","4.726E-05","18:04:04","4.726E-05","3.62E-05","0","3.62E-05","0"
"2023-10-05","MiningDutch","CCC","UselessGuru","0","00:09:08","4.313485","18:04:04","4.313485","4.313485","0","4.313485","0"
"2023-10-05","MiningDutch","CLORE","UselessGuru","0","00:09:08","0.01281439","18:04:04","0.01281439","0.01281439","0","0.01281439","0"
"2023-10-05","MiningDutch","DMS","UselessGuru","0","00:09:08","0.09630923","18:04:04","0.09630923","0.08894969","0","0.08894969","0"
"2023-10-05","MiningDutch","FTC","UselessGuru","0","00:09:08","0.84452926","18:04:04","0.84452926","0.84452926","0","0.84452926","0"
"2023-10-05","MiningDutch","GUN","UselessGuru","0","00:09:08","10.8156864","18:04:04","10.8156864","10.8156864","0","10.8156864","0"
"2023-10-05","MiningDutch","IQ","UselessGuru","0","00:09:08","2.58782551","18:04:04","2.58782551","2.3252336","0","2.3252336","0"
"2023-10-05","MiningDutch","NEOX","UselessGuru","0.08052210999999998","00:09:08","0.57254822","18:04:04","0.65307033","0.65307033","0","0.65307033","0"
"2023-10-05","MiningDutch","NYX","UselessGuru","0","00:09:08","0.09979641","18:04:04","0.09979641","0.09979641","0","0.09979641","0"
"2023-10-05","MiningDutch","PAPRY","UselessGuru","0","00:09:08","0.22477687","18:04:04","0.22477687","0.22477687","0","0.22477687","0"
"2023-10-05","MiningDutch","UFO","UselessGuru","0","00:09:08","0.20887727","18:04:04","0.20887727","0.20887727","0","0.20887727","0"
"2023-10-05","MiningDutch","VHH","UselessGuru","0","00:09:08","6317.71316063","18:04:04","6317.71316063","6317.71316063","0","6317.71316063","0"
"2023-10-05","MiningDutch","VTC","UselessGuru","0","00:09:08","0.09518035","18:04:04","0.09518035","0.09518035","0","0.09518035","0"
"2023-10-05","MiningDutch","YTN","UselessGuru","0","00:09:08","0.53692415","18:04:04","0.53692415","0.53692415","0","0.53692415","0"
"2023-10-05","MiningDutch","ZCL","UselessGuru","0","00:09:08","0.02185477","18:04:04","0.02185477","0.02185477","0","0.02185477","0"
"2023-10-05","NiceHash External","BTC","1GPSq8txFnyrYdXL8t6S94mYdF8cGqVQJF","0","00:09:08","0.00057725","18:04:04","0.00057725","0.00057684","4.1E-07","0.00057725","0"
"2023-10-05","NiceHash Internal","BTC","33hZYX8iFg5zm9E3geqrNgeP6TMzszZk5R","0","00:09:08","0.00730754","18:04:04","0.00730754","0.00730754","0","0.00730754","0"
"2023-10-05","ProHashing","ETH","UselessGuru","3.0251691907986857E-07","00:09:08","2.16675723654431E-05","18:04:04","2.197008928452297E-05","2.197008928452297E-05","0","2.16675723654431E-05","0"
"2023-10-05","ProHashing","RTM","UselessGuru","0","00:09:08","0.0048188439854162","18:04:04","0.0048188439854162","0.0048188439854162","0","0.0048188439854162","0"
"2023-10-05","ProHashing","XMR","UselessGuru","0","00:09:08","2.563445299E-07","18:04:04","2.563445299E-07","2.563445299E-07","0","2.563445299E-07","0"
"2023-10-05","ZergPool","BTC","1GPSq8txFnyrYdXL8t6S94mYdF8cGqVQJF","7.000000000001796E-08","00:09:08","0.0006229399999999999","18:04:04","0.0006230099999999999","0.00062283","2.0376771933124E-07","0.00062288","0"
"2023-10-05","Zpool","BTC","1GPSq8txFnyrYdXL8t6S94mYdF8cGqVQJF","0","00:09:08","2.834E-05","18:04:04","2.834E-05","2.828E-05","0","2.828E-05","0"
"2023-10-05","MiningDutch","GPN","UselessGuru","0","14:27:26","0.15317682","18:04:04","0.15317682","0.15317682","0","0.15317682","0"
